##,Last,First,Solo,Ast,Tot,TFL,tfl_yds,FF,FR,fr_yd,Int,int_yds,BrUp,Blkd,Sack,sack_yds,QH,GameID,Date,Home Team,Away Team,Home Score,Away Score,Texas Result,Link,Season
38,Muckelroy,Roddrick,4.0,2.0,6.0,1.0,4.0,0.0,0.0,0.0,0.0,0.0,0.0,0.0,0.0,0.0,0.0,floridaatlantic_texas_8_30_2008,2008-08-30,texas,florida atlantic,52.0,10.0,Win,http://stats.texassports.com/sports/m-footbl/2008-2009/ut1.html,2008
1D,Thomas,Earl,5.0,0.0,5.0,0.0,0.0,1.0,0.0,0.0,0.0,0.0,2.0,1.0,0.0,0.0,0.0,floridaatlantic_texas_8_30_2008,2008-08-30,texas,florida atlantic,52.0,10.0,Win,http://stats.texassports.com/sports/m-footbl/2008-2009/ut1.html,2008
11,Norton,Jared,3.0,1.0,4.0,1.0,3.0,0.0,0.0,0.0,0.0,0.0,0.0,0.0,0.0,0.0,0.0,floridaatlantic_texas_8_30_2008,2008-08-30,texas,florida atlantic,52.0,10.0,Win,http://stats.texassports.com/sports/m-footbl/2008-2009/ut1.html,2008
44,Bobino,Rashad,3.0,0.0,3.0,0.0,0.0,0.0,0.0,0.0,0.0,0.0,0.0,0.0,0.0,0.0,1.0,floridaatlantic_texas_8_30_2008,2008-08-30,texas,florida atlantic,52.0,10.0,Win,http://stats.texassports.com/sports/m-footbl/2008-2009/ut1.html,2008
99,Miller,Roy,2.0,1.0,3.0,0.0,0.0,0.0,0.0,0.0,0.0,0.0,0.0,0.0,0.0,0.0,3.0,floridaatlantic_texas_8_30_2008,2008-08-30,texas,florida atlantic,52.0,10.0,Win,http://stats.texassports.com/sports/m-footbl/2008-2009/ut1.html,2008
98,Orakpo,Brian,2.0,1.0,3.0,1.0,0.0,0.0,0.0,0.0,0.0,0.0,0.0,0.0,0.0,0.0,3.0,floridaatlantic_texas_8_30_2008,2008-08-30,texas,florida atlantic,52.0,10.0,Win,http://stats.texassports.com/sports/m-footbl/2008-2009/ut1.html,2008
33,Houston,Lamarr,2.0,1.0,3.0,2.0,4.0,0.0,0.0,0.0,0.0,0.0,0.0,0.0,0.0,0.0,0.0,floridaatlantic_texas_8_30_2008,2008-08-30,texas,florida atlantic,52.0,10.0,Win,http://stats.texassports.com/sports/m-footbl/2008-2009/ut1.html,2008
6A,Scott,Christian,2.0,1.0,3.0,0.0,0.0,0.0,0.0,0.0,0.0,0.0,0.0,0.0,0.0,0.0,0.0,floridaatlantic_texas_8_30_2008,2008-08-30,texas,florida atlantic,52.0,10.0,Win,http://stats.texassports.com/sports/m-footbl/2008-2009/ut1.html,2008
42,Earnest,Dustin,1.0,2.0,3.0,2.0,2.0,0.0,0.0,0.0,0.0,0.0,0.0,0.0,0.0,0.0,0.0,floridaatlantic_texas_8_30_2008,2008-08-30,texas,florida atlantic,52.0,10.0,Win,http://stats.texassports.com/sports/m-footbl/2008-2009/ut1.html,2008
3A,Brown,Curtis,2.0,0.0,2.0,0.0,0.0,0.0,0.0,0.0,0.0,0.0,1.0,0.0,0.0,0.0,0.0,floridaatlantic_texas_8_30_2008,2008-08-30,texas,florida atlantic,52.0,10.0,Win,http://stats.texassports.com/sports/m-footbl/2008-2009/ut1.html,2008
32,Jones,Eddie,2.0,0.0,2.0,1.0,3.0,0.0,0.0,0.0,0.0,0.0,0.0,0.0,0.0,0.0,0.0,floridaatlantic_texas_8_30_2008,2008-08-30,texas,florida atlantic,52.0,10.0,Win,http://stats.texassports.com/sports/m-footbl/2008-2009/ut1.html,2008
13,Palmer,Ryan,2.0,0.0,2.0,0.0,0.0,0.0,0.0,0.0,1.0,0.0,0.0,0.0,0.0,0.0,0.0,floridaatlantic_texas_8_30_2008,2008-08-30,texas,florida atlantic,52.0,10.0,Win,http://stats.texassports.com/sports/m-footbl/2008-2009/ut1.html,2008
2A,Kindle,Sergio,2.0,0.0,2.0,0.0,0.0,0.0,1.0,0.0,0.0,0.0,0.0,0.0,0.0,0.0,0.0,floridaatlantic_texas_8_30_2008,2008-08-30,texas,florida atlantic,52.0,10.0,Win,http://stats.texassports.com/sports/m-footbl/2008-2009/ut1.html,2008
46,Smith,Aaron,1.0,1.0,2.0,0.0,0.0,0.0,0.0,0.0,0.0,0.0,0.0,0.0,0.0,0.0,0.0,floridaatlantic_texas_8_30_2008,2008-08-30,texas,florida atlantic,52.0,10.0,Win,http://stats.texassports.com/sports/m-footbl/2008-2009/ut1.html,2008
21,Gideon,Blake,1.0,1.0,2.0,0.0,0.0,0.0,0.0,0.0,0.0,0.0,0.0,0.0,0.0,0.0,0.0,floridaatlantic_texas_8_30_2008,2008-08-30,texas,florida atlantic,52.0,10.0,Win,http://stats.texassports.com/sports/m-footbl/2008-2009/ut1.html,2008
8A,Brown,Chykie,0.0,2.0,2.0,0.0,0.0,0.0,0.0,0.0,0.0,0.0,0.0,0.0,0.0,0.0,0.0,floridaatlantic_texas_8_30_2008,2008-08-30,texas,florida atlantic,52.0,10.0,Win,http://stats.texassports.com/sports/m-footbl/2008-2009/ut1.html,2008
4A,Williams,Aaron,0.0,2.0,2.0,0.0,0.0,0.0,0.0,0.0,0.0,0.0,0.0,0.0,0.0,0.0,0.0,floridaatlantic_texas_8_30_2008,2008-08-30,texas,florida atlantic,52.0,10.0,Win,http://stats.texassports.com/sports/m-footbl/2008-2009/ut1.html,2008
92,Alexander,Ben,1.0,0.0,1.0,0.0,0.0,0.0,0.0,0.0,0.0,0.0,0.0,0.0,0.0,0.0,0.0,floridaatlantic_texas_8_30_2008,2008-08-30,texas,florida atlantic,52.0,10.0,Win,http://stats.texassports.com/sports/m-footbl/2008-2009/ut1.html,2008
1E,Acho,Emmanuel,1.0,0.0,1.0,0.0,0.0,0.0,0.0,0.0,0.0,0.0,0.0,0.0,0.0,0.0,0.0,floridaatlantic_texas_8_30_2008,2008-08-30,texas,florida atlantic,52.0,10.0,Win,http://stats.texassports.com/sports/m-footbl/2008-2009/ut1.html,2008
94,Wilcoxon,Michael,0.0,1.0,1.0,1.0,0.0,0.0,0.0,0.0,0.0,0.0,0.0,0.0,0.0,0.0,0.0,floridaatlantic_texas_8_30_2008,2008-08-30,texas,florida atlantic,52.0,10.0,Win,http://stats.texassports.com/sports/m-footbl/2008-2009/ut1.html,2008
7A,Beasley,Deon,0.0,1.0,1.0,0.0,0.0,0.0,0.0,0.0,0.0,0.0,0.0,0.0,0.0,0.0,0.0,floridaatlantic_texas_8_30_2008,2008-08-30,texas,florida atlantic,52.0,10.0,Win,http://stats.texassports.com/sports/m-footbl/2008-2009/ut1.html,2008
1A,Robinson,Keenan,0.0,1.0,1.0,0.0,0.0,0.0,0.0,0.0,0.0,0.0,0.0,0.0,0.0,0.0,0.0,floridaatlantic_texas_8_30_2008,2008-08-30,texas,florida atlantic,52.0,10.0,Win,http://stats.texassports.com/sports/m-footbl/2008-2009/ut1.html,2008
81,Acho,Sam,0.0,0.0,0.0,0.0,0.0,0.0,0.0,0.0,0.0,0.0,0.0,0.0,0.0,0.0,2.0,floridaatlantic_texas_8_30_2008,2008-08-30,texas,florida atlantic,52.0,10.0,Win,http://stats.texassports.com/sports/m-footbl/2008-2009/ut1.html,2008
95,Lewis,Aaron,0.0,0.0,0.0,0.0,0.0,0.0,0.0,0.0,0.0,0.0,0.0,0.0,0.0,0.0,2.0,floridaatlantic_texas_8_30_2008,2008-08-30,texas,florida atlantic,52.0,10.0,Win,http://stats.texassports.com/sports/m-footbl/2008-2009/ut1.html,2008
37,Melton,Henry,0.0,0.0,0.0,0.0,0.0,0.0,0.0,0.0,0.0,0.0,1.0,0.0,0.0,0.0,2.0,floridaatlantic_texas_8_30_2008,2008-08-30,texas,florida atlantic,52.0,10.0,Win,http://stats.texassports.com/sports/m-footbl/2008-2009/ut1.html,2008
GM,Game,,36.0,18.0,54.0,9.0,16.0,1.0,1.0,0.0,1.0,0.0,4.0,1.0,0.0,0.0,13.0,floridaatlantic_texas_8_30_2008,2008-08-30,texas,florida atlantic,52.0,10.0,Win,http://stats.texassports.com/sports/m-footbl/2008-2009/ut1.html,2008
38,Muckelroy,Roddrick,6.0,8.0,14.0,0.0,0.0,0.0,1.0,26.0,0.0,0.0,0.0,0.0,0.0,0.0,1.0,texas_utep_9_6_2008,2008-09-06,utep,texas,13.0,42.0,Win,http://stats.texassports.com/sports/m-footbl/2008-2009/ut2.html,2008
21,Gideon,Blake,3.0,4.0,7.0,0.0,0.0,0.0,0.0,0.0,0.0,0.0,1.0,0.0,0.0,0.0,1.0,texas_utep_9_6_2008,2008-09-06,utep,texas,13.0,42.0,Win,http://stats.texassports.com/sports/m-footbl/2008-2009/ut2.html,2008
1D,Thomas,Earl,5.0,1.0,6.0,0.0,0.0,0.0,0.0,0.0,0.0,0.0,0.0,0.0,0.0,0.0,0.0,texas_utep_9_6_2008,2008-09-06,utep,texas,13.0,42.0,Win,http://stats.texassports.com/sports/m-footbl/2008-2009/ut2.html,2008
98,Orakpo,Brian,4.0,1.0,5.0,2.0,17.0,0.0,0.0,0.0,0.0,0.0,0.0,0.0,2.0,17.0,3.0,texas_utep_9_6_2008,2008-09-06,utep,texas,13.0,42.0,Win,http://stats.texassports.com/sports/m-footbl/2008-2009/ut2.html,2008
8A,Brown,Chykie,3.0,2.0,5.0,0.0,0.0,0.0,0.0,0.0,0.0,0.0,0.0,0.0,0.0,0.0,0.0,texas_utep_9_6_2008,2008-09-06,utep,texas,13.0,42.0,Win,http://stats.texassports.com/sports/m-footbl/2008-2009/ut2.html,2008
99,Miller,Roy,3.0,2.0,5.0,2.0,5.0,0.0,0.0,0.0,0.0,0.0,0.0,0.0,0.0,0.0,4.0,texas_utep_9_6_2008,2008-09-06,utep,texas,13.0,42.0,Win,http://stats.texassports.com/sports/m-footbl/2008-2009/ut2.html,2008
1E,Acho,Emmanuel,2.0,3.0,5.0,0.0,0.0,0.0,0.0,0.0,0.0,0.0,0.0,0.0,0.0,0.0,0.0,texas_utep_9_6_2008,2008-09-06,utep,texas,13.0,42.0,Win,http://stats.texassports.com/sports/m-footbl/2008-2009/ut2.html,2008
11,Norton,Jared,2.0,3.0,5.0,0.0,0.0,0.0,0.0,0.0,0.0,0.0,0.0,0.0,0.0,0.0,1.0,texas_utep_9_6_2008,2008-09-06,utep,texas,13.0,42.0,Win,http://stats.texassports.com/sports/m-footbl/2008-2009/ut2.html,2008
2A,Kindle,Sergio,1.0,3.0,4.0,0.0,0.0,0.0,0.0,0.0,0.0,0.0,0.0,0.0,0.0,0.0,2.0,texas_utep_9_6_2008,2008-09-06,utep,texas,13.0,42.0,Win,http://stats.texassports.com/sports/m-footbl/2008-2009/ut2.html,2008
7A,Beasley,Deon,1.0,2.0,3.0,0.0,0.0,0.0,0.0,0.0,0.0,0.0,0.0,0.0,0.0,0.0,0.0,texas_utep_9_6_2008,2008-09-06,utep,texas,13.0,42.0,Win,http://stats.texassports.com/sports/m-footbl/2008-2009/ut2.html,2008
44,Bobino,Rashad,1.0,1.0,2.0,0.0,0.0,0.0,0.0,0.0,0.0,0.0,2.0,0.0,0.0,0.0,2.0,texas_utep_9_6_2008,2008-09-06,utep,texas,13.0,42.0,Win,http://stats.texassports.com/sports/m-footbl/2008-2009/ut2.html,2008
81,Acho,Sam,1.0,1.0,2.0,0.0,0.0,1.0,0.0,0.0,0.0,0.0,0.0,0.0,0.0,0.0,0.0,texas_utep_9_6_2008,2008-09-06,utep,texas,13.0,42.0,Win,http://stats.texassports.com/sports/m-footbl/2008-2009/ut2.html,2008
32,Jones,Eddie,1.0,1.0,2.0,1.0,13.0,0.0,0.0,0.0,0.0,0.0,0.0,0.0,0.0,0.0,1.0,texas_utep_9_6_2008,2008-09-06,utep,texas,13.0,42.0,Win,http://stats.texassports.com/sports/m-footbl/2008-2009/ut2.html,2008
42,Earnest,Dustin,1.0,1.0,2.0,0.0,0.0,0.0,0.0,0.0,0.0,0.0,0.0,0.0,0.0,0.0,0.0,texas_utep_9_6_2008,2008-09-06,utep,texas,13.0,42.0,Win,http://stats.texassports.com/sports/m-footbl/2008-2009/ut2.html,2008
13,Palmer,Ryan,0.0,2.0,2.0,0.0,0.0,0.0,0.0,0.0,0.0,0.0,1.0,0.0,0.0,0.0,0.0,texas_utep_9_6_2008,2008-09-06,utep,texas,13.0,42.0,Win,http://stats.texassports.com/sports/m-footbl/2008-2009/ut2.html,2008
4A,Williams,Aaron,1.0,0.0,1.0,0.0,0.0,0.0,0.0,0.0,0.0,0.0,0.0,2.0,0.0,0.0,0.0,texas_utep_9_6_2008,2008-09-06,utep,texas,13.0,42.0,Win,http://stats.texassports.com/sports/m-footbl/2008-2009/ut2.html,2008
92,Alexander,Ben,1.0,0.0,1.0,0.0,0.0,0.0,0.0,0.0,0.0,0.0,0.0,0.0,0.0,0.0,0.0,texas_utep_9_6_2008,2008-09-06,utep,texas,13.0,42.0,Win,http://stats.texassports.com/sports/m-footbl/2008-2009/ut2.html,2008
27,Brewster,Nolan,1.0,0.0,1.0,0.0,0.0,0.0,0.0,0.0,0.0,0.0,1.0,0.0,0.0,0.0,0.0,texas_utep_9_6_2008,2008-09-06,utep,texas,13.0,42.0,Win,http://stats.texassports.com/sports/m-footbl/2008-2009/ut2.html,2008
3A,Brown,Curtis,1.0,0.0,1.0,0.0,0.0,0.0,0.0,0.0,0.0,0.0,0.0,0.0,0.0,0.0,0.0,texas_utep_9_6_2008,2008-09-06,utep,texas,13.0,42.0,Win,http://stats.texassports.com/sports/m-footbl/2008-2009/ut2.html,2008
37,Melton,Henry,0.0,0.0,0.0,0.0,0.0,0.0,0.0,0.0,0.0,0.0,0.0,0.0,0.0,0.0,3.0,texas_utep_9_6_2008,2008-09-06,utep,texas,13.0,42.0,Win,http://stats.texassports.com/sports/m-footbl/2008-2009/ut2.html,2008
91,Randall,Kheeston,0.0,0.0,0.0,0.0,0.0,0.0,0.0,0.0,0.0,0.0,1.0,0.0,0.0,0.0,0.0,texas_utep_9_6_2008,2008-09-06,utep,texas,13.0,42.0,Win,http://stats.texassports.com/sports/m-footbl/2008-2009/ut2.html,2008
95,Lewis,Aaron,0.0,0.0,0.0,0.0,0.0,0.0,0.0,0.0,0.0,0.0,0.0,0.0,0.0,0.0,1.0,texas_utep_9_6_2008,2008-09-06,utep,texas,13.0,42.0,Win,http://stats.texassports.com/sports/m-footbl/2008-2009/ut2.html,2008
GM,Game,,38.0,35.0,73.0,5.0,35.0,1.0,1.0,26.0,0.0,0.0,6.0,2.0,2.0,17.0,19.0,texas_utep_9_6_2008,2008-09-06,utep,texas,13.0,42.0,Win,http://stats.texassports.com/sports/m-footbl/2008-2009/ut2.html,2008
13,Palmer,Ryan,4.0,4.0,8.0,0.0,0.0,0.0,0.0,0.0,0.0,0.0,0.0,0.0,0.0,0.0,0.0,rice_texas_9_20_2008,2008-09-20,texas,rice,52.0,10.0,Win,http://stats.texassports.com/sports/m-footbl/2008-2009/ut3.html,2008
38,Muckelroy,Roddrick,4.0,3.0,7.0,0.0,0.0,0.0,0.0,0.0,0.0,0.0,0.0,0.0,0.0,0.0,1.0,rice_texas_9_20_2008,2008-09-20,texas,rice,52.0,10.0,Win,http://stats.texassports.com/sports/m-footbl/2008-2009/ut3.html,2008
2A,Kindle,Sergio,4.0,2.0,6.0,1.0,5.0,0.0,0.0,0.0,0.0,0.0,1.0,0.0,1.0,5.0,0.0,rice_texas_9_20_2008,2008-09-20,texas,rice,52.0,10.0,Win,http://stats.texassports.com/sports/m-footbl/2008-2009/ut3.html,2008
8A,Brown,Chykie,3.0,2.0,5.0,1.0,1.0,0.0,0.0,0.0,0.0,0.0,2.0,0.0,0.0,0.0,0.0,rice_texas_9_20_2008,2008-09-20,texas,rice,52.0,10.0,Win,http://stats.texassports.com/sports/m-footbl/2008-2009/ut3.html,2008
98,Orakpo,Brian,3.0,2.0,5.0,2.0,29.0,1.0,0.0,0.0,0.0,0.0,2.0,0.0,2.0,29.0,2.0,rice_texas_9_20_2008,2008-09-20,texas,rice,52.0,10.0,Win,http://stats.texassports.com/sports/m-footbl/2008-2009/ut3.html,2008
21,Gideon,Blake,3.0,1.0,4.0,0.0,0.0,0.0,0.0,0.0,0.0,0.0,0.0,0.0,0.0,0.0,1.0,rice_texas_9_20_2008,2008-09-20,texas,rice,52.0,10.0,Win,http://stats.texassports.com/sports/m-footbl/2008-2009/ut3.html,2008
33,Houston,Lamarr,3.0,1.0,4.0,2.0,3.0,0.0,0.0,0.0,0.0,0.0,1.0,0.0,0.0,0.0,1.0,rice_texas_9_20_2008,2008-09-20,texas,rice,52.0,10.0,Win,http://stats.texassports.com/sports/m-footbl/2008-2009/ut3.html,2008
11,Norton,Jared,2.0,2.0,4.0,1.0,6.0,0.0,0.0,0.0,0.0,0.0,0.0,0.0,1.0,6.0,1.0,rice_texas_9_20_2008,2008-09-20,texas,rice,52.0,10.0,Win,http://stats.texassports.com/sports/m-footbl/2008-2009/ut3.html,2008
1D,Thomas,Earl,2.0,1.0,3.0,0.0,0.0,0.0,0.0,0.0,0.0,0.0,0.0,0.0,0.0,0.0,0.0,rice_texas_9_20_2008,2008-09-20,texas,rice,52.0,10.0,Win,http://stats.texassports.com/sports/m-footbl/2008-2009/ut3.html,2008
81,Acho,Sam,2.0,1.0,3.0,1.0,13.0,0.0,0.0,0.0,0.0,0.0,0.0,0.0,1.0,13.0,0.0,rice_texas_9_20_2008,2008-09-20,texas,rice,52.0,10.0,Win,http://stats.texassports.com/sports/m-footbl/2008-2009/ut3.html,2008
42,Earnest,Dustin,1.0,2.0,3.0,0.0,0.0,0.0,0.0,0.0,0.0,0.0,0.0,0.0,0.0,0.0,0.0,rice_texas_9_20_2008,2008-09-20,texas,rice,52.0,10.0,Win,http://stats.texassports.com/sports/m-footbl/2008-2009/ut3.html,2008
1A,Robinson,Keenan,1.0,2.0,3.0,0.0,0.0,0.0,0.0,0.0,0.0,0.0,1.0,0.0,0.0,0.0,0.0,rice_texas_9_20_2008,2008-09-20,texas,rice,52.0,10.0,Win,http://stats.texassports.com/sports/m-footbl/2008-2009/ut3.html,2008
2D,Ford,Clark,2.0,0.0,2.0,0.0,0.0,0.0,0.0,0.0,0.0,0.0,0.0,0.0,0.0,0.0,0.0,rice_texas_9_20_2008,2008-09-20,texas,rice,52.0,10.0,Win,http://stats.texassports.com/sports/m-footbl/2008-2009/ut3.html,2008
6A,Scott,Christian,2.0,0.0,2.0,0.0,0.0,0.0,0.0,0.0,0.0,0.0,0.0,0.0,0.0,0.0,0.0,rice_texas_9_20_2008,2008-09-20,texas,rice,52.0,10.0,Win,http://stats.texassports.com/sports/m-footbl/2008-2009/ut3.html,2008
7A,Beasley,Deon,2.0,0.0,2.0,0.0,0.0,0.0,0.0,0.0,0.0,0.0,0.0,0.0,0.0,0.0,0.0,rice_texas_9_20_2008,2008-09-20,texas,rice,52.0,10.0,Win,http://stats.texassports.com/sports/m-footbl/2008-2009/ut3.html,2008
95,Lewis,Aaron,1.0,1.0,2.0,2.0,12.0,0.0,0.0,0.0,0.0,0.0,1.0,0.0,1.5,12.0,0.0,rice_texas_9_20_2008,2008-09-20,texas,rice,52.0,10.0,Win,http://stats.texassports.com/sports/m-footbl/2008-2009/ut3.html,2008
99,Miller,Roy,0.0,2.0,2.0,0.0,0.0,0.0,0.0,0.0,0.0,0.0,0.0,0.0,0.0,0.0,3.0,rice_texas_9_20_2008,2008-09-20,texas,rice,52.0,10.0,Win,http://stats.texassports.com/sports/m-footbl/2008-2009/ut3.html,2008
1E,Acho,Emmanuel,1.0,0.0,1.0,0.0,0.0,0.0,0.0,0.0,0.0,0.0,0.0,0.0,0.0,0.0,0.0,rice_texas_9_20_2008,2008-09-20,texas,rice,52.0,10.0,Win,http://stats.texassports.com/sports/m-footbl/2008-2009/ut3.html,2008
44,Bobino,Rashad,1.0,0.0,1.0,0.0,0.0,0.0,0.0,0.0,0.0,0.0,0.0,0.0,0.0,0.0,0.0,rice_texas_9_20_2008,2008-09-20,texas,rice,52.0,10.0,Win,http://stats.texassports.com/sports/m-footbl/2008-2009/ut3.html,2008
91,Randall,Kheeston,1.0,0.0,1.0,0.0,0.0,0.0,0.0,0.0,0.0,0.0,0.0,0.0,0.0,0.0,0.0,rice_texas_9_20_2008,2008-09-20,texas,rice,52.0,10.0,Win,http://stats.texassports.com/sports/m-footbl/2008-2009/ut3.html,2008
46,Smith,Aaron,1.0,0.0,1.0,0.0,0.0,0.0,0.0,0.0,0.0,0.0,0.0,0.0,0.0,0.0,0.0,rice_texas_9_20_2008,2008-09-20,texas,rice,52.0,10.0,Win,http://stats.texassports.com/sports/m-footbl/2008-2009/ut3.html,2008
37,Melton,Henry,0.0,1.0,1.0,1.0,4.0,0.0,0.0,0.0,0.0,0.0,0.0,0.0,0.5,4.0,0.0,rice_texas_9_20_2008,2008-09-20,texas,rice,52.0,10.0,Win,http://stats.texassports.com/sports/m-footbl/2008-2009/ut3.html,2008
4A,Williams,Aaron,0.0,1.0,1.0,0.0,0.0,0.0,0.0,0.0,0.0,0.0,0.0,0.0,0.0,0.0,0.0,rice_texas_9_20_2008,2008-09-20,texas,rice,52.0,10.0,Win,http://stats.texassports.com/sports/m-footbl/2008-2009/ut3.html,2008
32,Jones,Eddie,0.0,0.0,0.0,0.0,0.0,0.0,0.0,0.0,0.0,0.0,0.0,0.0,0.0,0.0,1.0,rice_texas_9_20_2008,2008-09-20,texas,rice,52.0,10.0,Win,http://stats.texassports.com/sports/m-footbl/2008-2009/ut3.html,2008
92,Alexander,Ben,0.0,0.0,0.0,0.0,0.0,0.0,0.0,0.0,0.0,0.0,0.0,0.0,0.0,0.0,1.0,rice_texas_9_20_2008,2008-09-20,texas,rice,52.0,10.0,Win,http://stats.texassports.com/sports/m-footbl/2008-2009/ut3.html,2008
97,Carter,Russell,0.0,0.0,0.0,0.0,0.0,0.0,0.0,0.0,0.0,0.0,0.0,0.0,0.0,0.0,2.0,rice_texas_9_20_2008,2008-09-20,texas,rice,52.0,10.0,Win,http://stats.texassports.com/sports/m-footbl/2008-2009/ut3.html,2008
GM,Game,,43.0,28.0,71.0,11.0,73.0,1.0,0.0,0.0,0.0,0.0,8.0,0.0,7.0,69.0,13.0,rice_texas_9_20_2008,2008-09-20,texas,rice,52.0,10.0,Win,http://stats.texassports.com/sports/m-footbl/2008-2009/ut3.html,2008
2A,Kindle,Sergio,3.0,2.0,5.0,1.0,10.0,0.0,0.0,0.0,0.0,0.0,0.0,0.0,1.0,10.0,1.0,arkansas_texas_9_27_2008,2008-09-27,texas,arkansas,52.0,10.0,Win,http://stats.texassports.com/sports/m-footbl/2008-2009/ut4.html,2008
3A,Brown,Curtis,4.0,0.0,4.0,0.0,0.0,0.0,0.0,0.0,0.0,0.0,1.0,0.0,0.0,0.0,1.0,arkansas_texas_9_27_2008,2008-09-27,texas,arkansas,52.0,10.0,Win,http://stats.texassports.com/sports/m-footbl/2008-2009/ut4.html,2008
98,Orakpo,Brian,4.0,0.0,4.0,3.0,22.0,1.0,0.0,0.0,0.0,0.0,0.0,0.0,2.0,17.0,1.0,arkansas_texas_9_27_2008,2008-09-27,texas,arkansas,52.0,10.0,Win,http://stats.texassports.com/sports/m-footbl/2008-2009/ut4.html,2008
1A,Robinson,Keenan,4.0,0.0,4.0,2.0,10.0,0.0,0.0,0.0,0.0,0.0,0.0,0.0,1.0,9.0,0.0,arkansas_texas_9_27_2008,2008-09-27,texas,arkansas,52.0,10.0,Win,http://stats.texassports.com/sports/m-footbl/2008-2009/ut4.html,2008
8A,Brown,Chykie,3.0,1.0,4.0,1.0,8.0,0.0,0.0,0.0,0.0,0.0,0.0,0.0,1.0,8.0,0.0,arkansas_texas_9_27_2008,2008-09-27,texas,arkansas,52.0,10.0,Win,http://stats.texassports.com/sports/m-footbl/2008-2009/ut4.html,2008
11,Norton,Jared,3.0,1.0,4.0,0.0,0.0,0.0,0.0,0.0,0.0,0.0,0.0,0.0,0.0,0.0,0.0,arkansas_texas_9_27_2008,2008-09-27,texas,arkansas,52.0,10.0,Win,http://stats.texassports.com/sports/m-footbl/2008-2009/ut4.html,2008
1D,Thomas,Earl,2.0,2.0,4.0,0.0,0.0,0.0,0.0,0.0,0.0,0.0,1.0,0.0,0.0,0.0,0.0,arkansas_texas_9_27_2008,2008-09-27,texas,arkansas,52.0,10.0,Win,http://stats.texassports.com/sports/m-footbl/2008-2009/ut4.html,2008
38,Muckelroy,Roddrick,2.0,1.0,3.0,1.0,3.0,0.0,0.0,0.0,0.0,0.0,0.0,0.0,0.0,0.0,0.0,arkansas_texas_9_27_2008,2008-09-27,texas,arkansas,52.0,10.0,Win,http://stats.texassports.com/sports/m-footbl/2008-2009/ut4.html,2008
99,Miller,Roy,2.0,0.0,2.0,0.0,0.0,0.0,0.0,0.0,0.0,0.0,0.0,0.0,0.0,0.0,0.0,arkansas_texas_9_27_2008,2008-09-27,texas,arkansas,52.0,10.0,Win,http://stats.texassports.com/sports/m-footbl/2008-2009/ut4.html,2008
42,Earnest,Dustin,2.0,0.0,2.0,0.0,0.0,0.0,0.0,0.0,0.0,0.0,0.0,0.0,0.0,0.0,0.0,arkansas_texas_9_27_2008,2008-09-27,texas,arkansas,52.0,10.0,Win,http://stats.texassports.com/sports/m-footbl/2008-2009/ut4.html,2008
37,Melton,Henry,2.0,0.0,2.0,1.0,4.0,1.0,0.0,0.0,0.0,0.0,0.0,0.0,1.0,4.0,1.0,arkansas_texas_9_27_2008,2008-09-27,texas,arkansas,52.0,10.0,Win,http://stats.texassports.com/sports/m-footbl/2008-2009/ut4.html,2008
81,Acho,Sam,1.0,1.0,2.0,0.0,0.0,0.0,0.0,0.0,0.0,0.0,0.0,0.0,0.0,0.0,1.0,arkansas_texas_9_27_2008,2008-09-27,texas,arkansas,52.0,10.0,Win,http://stats.texassports.com/sports/m-footbl/2008-2009/ut4.html,2008
13,Palmer,Ryan,1.0,0.0,1.0,0.0,0.0,0.0,0.0,0.0,0.0,0.0,0.0,0.0,0.0,0.0,0.0,arkansas_texas_9_27_2008,2008-09-27,texas,arkansas,52.0,10.0,Win,http://stats.texassports.com/sports/m-footbl/2008-2009/ut4.html,2008
27,Brewster,Nolan,1.0,0.0,1.0,0.0,0.0,0.0,0.0,0.0,0.0,0.0,0.0,0.0,0.0,0.0,0.0,arkansas_texas_9_27_2008,2008-09-27,texas,arkansas,52.0,10.0,Win,http://stats.texassports.com/sports/m-footbl/2008-2009/ut4.html,2008
2D,Ford,Clark,1.0,0.0,1.0,0.0,0.0,0.0,0.0,0.0,0.0,0.0,0.0,0.0,0.0,0.0,1.0,arkansas_texas_9_27_2008,2008-09-27,texas,arkansas,52.0,10.0,Win,http://stats.texassports.com/sports/m-footbl/2008-2009/ut4.html,2008
5A,Wells,Ben,1.0,0.0,1.0,0.0,0.0,0.0,0.0,0.0,0.0,0.0,0.0,0.0,0.0,0.0,0.0,arkansas_texas_9_27_2008,2008-09-27,texas,arkansas,52.0,10.0,Win,http://stats.texassports.com/sports/m-footbl/2008-2009/ut4.html,2008
4A,Williams,Aaron,1.0,0.0,1.0,0.0,0.0,0.0,0.0,0.0,1.0,81.0,0.0,0.0,0.0,0.0,0.0,arkansas_texas_9_27_2008,2008-09-27,texas,arkansas,52.0,10.0,Win,http://stats.texassports.com/sports/m-footbl/2008-2009/ut4.html,2008
32,Jones,Eddie,1.0,0.0,1.0,1.0,10.0,0.0,0.0,0.0,0.0,0.0,1.0,0.0,1.0,10.0,1.0,arkansas_texas_9_27_2008,2008-09-27,texas,arkansas,52.0,10.0,Win,http://stats.texassports.com/sports/m-footbl/2008-2009/ut4.html,2008
9A,Tucker,Justin,1.0,0.0,1.0,0.0,0.0,0.0,0.0,0.0,0.0,0.0,0.0,0.0,0.0,0.0,0.0,arkansas_texas_9_27_2008,2008-09-27,texas,arkansas,52.0,10.0,Win,http://stats.texassports.com/sports/m-footbl/2008-2009/ut4.html,2008
44,Bobino,Rashad,1.0,0.0,1.0,1.0,2.0,0.0,0.0,0.0,0.0,0.0,0.0,0.0,0.0,0.0,0.0,arkansas_texas_9_27_2008,2008-09-27,texas,arkansas,52.0,10.0,Win,http://stats.texassports.com/sports/m-footbl/2008-2009/ut4.html,2008
7A,Beasley,Deon,0.0,1.0,1.0,0.0,0.0,0.0,0.0,0.0,0.0,0.0,0.0,0.0,0.0,0.0,0.0,arkansas_texas_9_27_2008,2008-09-27,texas,arkansas,52.0,10.0,Win,http://stats.texassports.com/sports/m-footbl/2008-2009/ut4.html,2008
21,Gideon,Blake,0.0,1.0,1.0,0.0,0.0,0.0,0.0,0.0,0.0,0.0,1.0,0.0,0.0,0.0,0.0,arkansas_texas_9_27_2008,2008-09-27,texas,arkansas,52.0,10.0,Win,http://stats.texassports.com/sports/m-footbl/2008-2009/ut4.html,2008
33,Houston,Lamarr,0.0,0.0,0.0,0.0,0.0,0.0,0.0,0.0,0.0,0.0,0.0,0.0,0.0,0.0,3.0,arkansas_texas_9_27_2008,2008-09-27,texas,arkansas,52.0,10.0,Win,http://stats.texassports.com/sports/m-footbl/2008-2009/ut4.html,2008
92,Alexander,Ben,0.0,0.0,0.0,0.0,0.0,0.0,1.0,0.0,0.0,0.0,0.0,0.0,0.0,0.0,0.0,arkansas_texas_9_27_2008,2008-09-27,texas,arkansas,52.0,10.0,Win,http://stats.texassports.com/sports/m-footbl/2008-2009/ut4.html,2008
95,Lewis,Aaron,0.0,0.0,0.0,0.0,0.0,0.0,0.0,0.0,0.0,0.0,0.0,0.0,0.0,0.0,1.0,arkansas_texas_9_27_2008,2008-09-27,texas,arkansas,52.0,10.0,Win,http://stats.texassports.com/sports/m-footbl/2008-2009/ut4.html,2008
GM,Game,,40.0,10.0,50.0,11.0,69.0,2.0,1.0,0.0,1.0,81.0,4.0,0.0,7.0,58.0,11.0,arkansas_texas_9_27_2008,2008-09-27,texas,arkansas,52.0,10.0,Win,http://stats.texassports.com/sports/m-footbl/2008-2009/ut4.html,2008
38,Muckelroy,Roddrick,7.0,3.0,10.0,0.0,0.0,0.0,0.0,0.0,0.0,0.0,1.0,0.0,0.0,0.0,0.0,texas_colorado_10_4_2008,2008-10-04,colorado,texas,14.0,38.0,Win,http://stats.texassports.com/sports/m-footbl/2008-2009/ut5.html,2008
99,Miller,Roy,5.0,3.0,8.0,1.0,1.0,0.0,1.0,0.0,0.0,0.0,2.0,0.0,0.0,0.0,3.0,texas_colorado_10_4_2008,2008-10-04,colorado,texas,14.0,38.0,Win,http://stats.texassports.com/sports/m-footbl/2008-2009/ut5.html,2008
44,Bobino,Rashad,3.0,2.0,5.0,0.0,0.0,0.0,1.0,0.0,0.0,0.0,0.0,0.0,0.0,0.0,0.0,texas_colorado_10_4_2008,2008-10-04,colorado,texas,14.0,38.0,Win,http://stats.texassports.com/sports/m-footbl/2008-2009/ut5.html,2008
2A,Kindle,Sergio,3.0,1.0,4.0,1.0,4.0,0.0,0.0,0.0,0.0,0.0,0.0,0.0,0.5,4.0,3.0,texas_colorado_10_4_2008,2008-10-04,colorado,texas,14.0,38.0,Win,http://stats.texassports.com/sports/m-footbl/2008-2009/ut5.html,2008
7A,Beasley,Deon,2.0,2.0,4.0,1.0,2.0,0.0,0.0,0.0,0.0,0.0,0.0,0.0,0.0,0.0,0.0,texas_colorado_10_4_2008,2008-10-04,colorado,texas,14.0,38.0,Win,http://stats.texassports.com/sports/m-footbl/2008-2009/ut5.html,2008
21,Gideon,Blake,2.0,2.0,4.0,0.0,0.0,0.0,0.0,0.0,0.0,0.0,1.0,0.0,0.0,0.0,0.0,texas_colorado_10_4_2008,2008-10-04,colorado,texas,14.0,38.0,Win,http://stats.texassports.com/sports/m-footbl/2008-2009/ut5.html,2008
23,Scott,Christian,2.0,1.0,3.0,0.0,0.0,0.0,0.0,0.0,0.0,0.0,0.0,0.0,0.0,0.0,0.0,texas_colorado_10_4_2008,2008-10-04,colorado,texas,14.0,38.0,Win,http://stats.texassports.com/sports/m-footbl/2008-2009/ut5.html,2008
27,Brewster,Nolan,2.0,0.0,2.0,0.0,0.0,0.0,0.0,0.0,0.0,0.0,0.0,0.0,0.0,0.0,0.0,texas_colorado_10_4_2008,2008-10-04,colorado,texas,14.0,38.0,Win,http://stats.texassports.com/sports/m-footbl/2008-2009/ut5.html,2008
4A,Williams,Aaron,2.0,0.0,2.0,0.0,0.0,1.0,0.0,0.0,0.0,0.0,0.0,0.0,0.0,0.0,0.0,texas_colorado_10_4_2008,2008-10-04,colorado,texas,14.0,38.0,Win,http://stats.texassports.com/sports/m-footbl/2008-2009/ut5.html,2008
98,Orakpo,Brian,2.0,0.0,2.0,0.0,0.0,0.0,0.0,0.0,0.0,0.0,0.0,0.0,0.0,0.0,5.0,texas_colorado_10_4_2008,2008-10-04,colorado,texas,14.0,38.0,Win,http://stats.texassports.com/sports/m-footbl/2008-2009/ut5.html,2008
1D,Thomas,Earl,1.0,1.0,2.0,0.0,0.0,0.0,0.0,0.0,0.0,0.0,2.0,0.0,0.0,0.0,0.0,texas_colorado_10_4_2008,2008-10-04,colorado,texas,14.0,38.0,Win,http://stats.texassports.com/sports/m-footbl/2008-2009/ut5.html,2008
92,Alexander,Ben,1.0,1.0,2.0,1.0,1.0,0.0,0.0,0.0,0.0,0.0,0.0,0.0,0.5,1.0,0.0,texas_colorado_10_4_2008,2008-10-04,colorado,texas,14.0,38.0,Win,http://stats.texassports.com/sports/m-footbl/2008-2009/ut5.html,2008
11,Norton,Jared,1.0,1.0,2.0,1.0,4.0,1.0,0.0,0.0,0.0,0.0,1.0,0.0,0.5,4.0,1.0,texas_colorado_10_4_2008,2008-10-04,colorado,texas,14.0,38.0,Win,http://stats.texassports.com/sports/m-footbl/2008-2009/ut5.html,2008
42,Earnest,Dustin,0.0,2.0,2.0,0.0,0.0,0.0,0.0,0.0,0.0,0.0,0.0,0.0,0.0,0.0,0.0,texas_colorado_10_4_2008,2008-10-04,colorado,texas,14.0,38.0,Win,http://stats.texassports.com/sports/m-footbl/2008-2009/ut5.html,2008
95,Lewis,Aaron,0.0,2.0,2.0,1.0,1.0,0.0,0.0,0.0,0.0,0.0,0.0,0.0,0.5,1.0,2.0,texas_colorado_10_4_2008,2008-10-04,colorado,texas,14.0,38.0,Win,http://stats.texassports.com/sports/m-footbl/2008-2009/ut5.html,2008
1E,Acho,Emmanuel,1.0,0.0,1.0,0.0,0.0,0.0,0.0,0.0,0.0,0.0,0.0,0.0,0.0,0.0,0.0,texas_colorado_10_4_2008,2008-10-04,colorado,texas,14.0,38.0,Win,http://stats.texassports.com/sports/m-footbl/2008-2009/ut5.html,2008
13,Palmer,Ryan,1.0,0.0,1.0,1.0,14.0,0.0,0.0,0.0,0.0,0.0,1.0,0.0,1.0,14.0,0.0,texas_colorado_10_4_2008,2008-10-04,colorado,texas,14.0,38.0,Win,http://stats.texassports.com/sports/m-footbl/2008-2009/ut5.html,2008
81,Acho,Sam,1.0,0.0,1.0,0.0,0.0,0.0,0.0,0.0,0.0,0.0,0.0,0.0,0.0,0.0,0.0,texas_colorado_10_4_2008,2008-10-04,colorado,texas,14.0,38.0,Win,http://stats.texassports.com/sports/m-footbl/2008-2009/ut5.html,2008
3,Ogbonnaya,Chris,1.0,0.0,1.0,0.0,0.0,0.0,0.0,0.0,0.0,0.0,0.0,0.0,0.0,0.0,0.0,texas_colorado_10_4_2008,2008-10-04,colorado,texas,14.0,38.0,Win,http://stats.texassports.com/sports/m-footbl/2008-2009/ut5.html,2008
8A,Brown,Chykie,1.0,0.0,1.0,0.0,0.0,0.0,0.0,0.0,0.0,0.0,2.0,0.0,0.0,0.0,0.0,texas_colorado_10_4_2008,2008-10-04,colorado,texas,14.0,38.0,Win,http://stats.texassports.com/sports/m-footbl/2008-2009/ut5.html,2008
3A,Brown,Curtis,1.0,0.0,1.0,0.0,0.0,0.0,0.0,0.0,0.0,0.0,0.0,0.0,0.0,0.0,0.0,texas_colorado_10_4_2008,2008-10-04,colorado,texas,14.0,38.0,Win,http://stats.texassports.com/sports/m-footbl/2008-2009/ut5.html,2008
33,Houston,Lamarr,1.0,0.0,1.0,0.0,0.0,0.0,0.0,0.0,0.0,0.0,1.0,0.0,0.0,0.0,0.0,texas_colorado_10_4_2008,2008-10-04,colorado,texas,14.0,38.0,Win,http://stats.texassports.com/sports/m-footbl/2008-2009/ut5.html,2008
2D,Ford,Clark,0.0,1.0,1.0,0.0,0.0,0.0,0.0,0.0,0.0,0.0,0.0,0.0,0.0,0.0,0.0,texas_colorado_10_4_2008,2008-10-04,colorado,texas,14.0,38.0,Win,http://stats.texassports.com/sports/m-footbl/2008-2009/ut5.html,2008
1A,Robinson,Keenan,0.0,1.0,1.0,0.0,0.0,0.0,0.0,0.0,0.0,0.0,0.0,0.0,0.0,0.0,0.0,texas_colorado_10_4_2008,2008-10-04,colorado,texas,14.0,38.0,Win,http://stats.texassports.com/sports/m-footbl/2008-2009/ut5.html,2008
37,Melton,Henry,0.0,1.0,1.0,1.0,1.0,0.0,0.0,0.0,0.0,0.0,1.0,0.0,0.0,0.0,0.0,texas_colorado_10_4_2008,2008-10-04,colorado,texas,14.0,38.0,Win,http://stats.texassports.com/sports/m-footbl/2008-2009/ut5.html,2008
GM,Game,,40.0,24.0,64.0,8.0,28.0,2.0,2.0,0.0,0.0,0.0,12.0,0.0,3.0,24.0,14.0,texas_colorado_10_4_2008,2008-10-04,colorado,texas,14.0,38.0,Win,http://stats.texassports.com/sports/m-footbl/2008-2009/ut5.html,2008
38,Muckelroy,Roddrick,13.0,3.0,16.0,0.0,0.0,1.0,0.0,0.0,0.0,0.0,1.0,0.0,0.0,0.0,0.0,texas_oklahoma_10_11_2008,2008-10-11,oklahoma,texas,35.0,45.0,Win,http://stats.texassports.com/sports/m-footbl/2008-2009/ut6.html,2008
21,Gideon,Blake,7.0,1.0,8.0,0.0,0.0,0.0,0.0,0.0,0.0,0.0,1.0,0.0,0.0,0.0,0.0,texas_oklahoma_10_11_2008,2008-10-11,oklahoma,texas,35.0,45.0,Win,http://stats.texassports.com/sports/m-footbl/2008-2009/ut6.html,2008
98,Orakpo,Brian,4.0,3.0,7.0,4.0,19.0,1.0,0.0,0.0,0.0,0.0,0.0,0.0,2.0,15.0,2.0,texas_oklahoma_10_11_2008,2008-10-11,oklahoma,texas,35.0,45.0,Win,http://stats.texassports.com/sports/m-footbl/2008-2009/ut6.html,2008
2A,Kindle,Sergio,4.0,1.0,5.0,1.0,5.0,0.0,0.0,0.0,0.0,0.0,0.0,0.0,1.0,5.0,1.0,texas_oklahoma_10_11_2008,2008-10-11,oklahoma,texas,35.0,45.0,Win,http://stats.texassports.com/sports/m-footbl/2008-2009/ut6.html,2008
33,Houston,Lamarr,3.0,2.0,5.0,0.0,0.0,0.0,0.0,0.0,0.0,0.0,0.0,0.0,0.0,0.0,0.0,texas_oklahoma_10_11_2008,2008-10-11,oklahoma,texas,35.0,45.0,Win,http://stats.texassports.com/sports/m-footbl/2008-2009/ut6.html,2008
11,Norton,Jared,2.0,2.0,4.0,0.0,0.0,0.0,0.0,0.0,0.0,0.0,0.0,0.0,0.0,0.0,0.0,texas_oklahoma_10_11_2008,2008-10-11,oklahoma,texas,35.0,45.0,Win,http://stats.texassports.com/sports/m-footbl/2008-2009/ut6.html,2008
3A,Brown,Curtis,2.0,1.0,3.0,0.0,0.0,0.0,0.0,0.0,0.0,0.0,0.0,0.0,0.0,0.0,0.0,texas_oklahoma_10_11_2008,2008-10-11,oklahoma,texas,35.0,45.0,Win,http://stats.texassports.com/sports/m-footbl/2008-2009/ut6.html,2008
4A,Williams,Aaron,2.0,1.0,3.0,0.0,0.0,0.0,0.0,0.0,0.0,0.0,1.0,0.0,0.0,0.0,0.0,texas_oklahoma_10_11_2008,2008-10-11,oklahoma,texas,35.0,45.0,Win,http://stats.texassports.com/sports/m-footbl/2008-2009/ut6.html,2008
1D,Thomas,Earl,2.0,1.0,3.0,0.0,0.0,1.0,0.0,0.0,2.0,0.0,2.0,0.0,0.0,0.0,0.0,texas_oklahoma_10_11_2008,2008-10-11,oklahoma,texas,35.0,45.0,Win,http://stats.texassports.com/sports/m-footbl/2008-2009/ut6.html,2008
44,Bobino,Rashad,1.0,2.0,3.0,0.0,0.0,0.0,0.0,0.0,0.0,0.0,0.0,0.0,0.0,0.0,1.0,texas_oklahoma_10_11_2008,2008-10-11,oklahoma,texas,35.0,45.0,Win,http://stats.texassports.com/sports/m-footbl/2008-2009/ut6.html,2008
99,Miller,Roy,0.0,3.0,3.0,0.0,0.0,0.0,0.0,0.0,0.0,0.0,0.0,0.0,0.0,0.0,1.0,texas_oklahoma_10_11_2008,2008-10-11,oklahoma,texas,35.0,45.0,Win,http://stats.texassports.com/sports/m-footbl/2008-2009/ut6.html,2008
13,Palmer,Ryan,2.0,0.0,2.0,0.0,0.0,0.0,0.0,0.0,0.0,0.0,0.0,0.0,0.0,0.0,0.0,texas_oklahoma_10_11_2008,2008-10-11,oklahoma,texas,35.0,45.0,Win,http://stats.texassports.com/sports/m-footbl/2008-2009/ut6.html,2008
8A,Brown,Chykie,2.0,0.0,2.0,0.0,0.0,0.0,0.0,0.0,0.0,0.0,1.0,0.0,0.0,0.0,0.0,texas_oklahoma_10_11_2008,2008-10-11,oklahoma,texas,35.0,45.0,Win,http://stats.texassports.com/sports/m-footbl/2008-2009/ut6.html,2008
7A,Beasley,Deon,1.0,1.0,2.0,0.0,0.0,0.0,0.0,0.0,0.0,0.0,0.0,0.0,0.0,0.0,0.0,texas_oklahoma_10_11_2008,2008-10-11,oklahoma,texas,35.0,45.0,Win,http://stats.texassports.com/sports/m-footbl/2008-2009/ut6.html,2008
1A,Robinson,Keenan,1.0,1.0,2.0,0.0,0.0,0.0,0.0,0.0,0.0,0.0,0.0,0.0,0.0,0.0,0.0,texas_oklahoma_10_11_2008,2008-10-11,oklahoma,texas,35.0,45.0,Win,http://stats.texassports.com/sports/m-footbl/2008-2009/ut6.html,2008
37,Melton,Henry,1.0,1.0,2.0,0.0,0.0,0.0,0.0,0.0,0.0,0.0,0.0,0.0,0.0,0.0,1.0,texas_oklahoma_10_11_2008,2008-10-11,oklahoma,texas,35.0,45.0,Win,http://stats.texassports.com/sports/m-footbl/2008-2009/ut6.html,2008
27,Brewster,Nolan,0.0,1.0,1.0,0.0,0.0,0.0,0.0,0.0,0.0,0.0,0.0,0.0,0.0,0.0,0.0,texas_oklahoma_10_11_2008,2008-10-11,oklahoma,texas,35.0,45.0,Win,http://stats.texassports.com/sports/m-footbl/2008-2009/ut6.html,2008
47,Gold,John,0.0,1.0,1.0,0.0,0.0,0.0,0.0,0.0,0.0,0.0,0.0,0.0,0.0,0.0,0.0,texas_oklahoma_10_11_2008,2008-10-11,oklahoma,texas,35.0,45.0,Win,http://stats.texassports.com/sports/m-footbl/2008-2009/ut6.html,2008
42,Earnest,Dustin,0.0,1.0,1.0,0.0,0.0,0.0,0.0,0.0,0.0,0.0,0.0,0.0,0.0,0.0,0.0,texas_oklahoma_10_11_2008,2008-10-11,oklahoma,texas,35.0,45.0,Win,http://stats.texassports.com/sports/m-footbl/2008-2009/ut6.html,2008
81,Acho,Sam,0.0,0.0,0.0,0.0,0.0,0.0,0.0,0.0,0.0,0.0,0.0,0.0,0.0,0.0,1.0,texas_oklahoma_10_11_2008,2008-10-11,oklahoma,texas,35.0,45.0,Win,http://stats.texassports.com/sports/m-footbl/2008-2009/ut6.html,2008
GM,Game,,47.0,26.0,73.0,5.0,24.0,3.0,0.0,0.0,2.0,0.0,6.0,0.0,3.0,20.0,7.0,texas_oklahoma_10_11_2008,2008-10-11,oklahoma,texas,35.0,45.0,Win,http://stats.texassports.com/sports/m-footbl/2008-2009/ut6.html,2008
38,Muckelroy,Roddrick,7.0,4.0,11.0,1.0,2.0,0.0,0.0,0.0,0.0,0.0,1.0,0.0,0.0,0.0,1.0,missouri_texas_10_18_2008,2008-10-18,texas,missouri,56.0,31.0,Win,http://stats.texassports.com/sports/m-footbl/2008-2009/ut7.html,2008
21,Gideon,Blake,4.0,3.0,7.0,1.0,1.0,0.0,0.0,0.0,0.0,0.0,0.0,0.0,0.0,0.0,0.0,missouri_texas_10_18_2008,2008-10-18,texas,missouri,56.0,31.0,Win,http://stats.texassports.com/sports/m-footbl/2008-2009/ut7.html,2008
1D,Thomas,Earl,5.0,0.0,5.0,0.0,0.0,0.0,0.0,0.0,0.0,0.0,0.0,0.0,0.0,0.0,0.0,missouri_texas_10_18_2008,2008-10-18,texas,missouri,56.0,31.0,Win,http://stats.texassports.com/sports/m-footbl/2008-2009/ut7.html,2008
11,Norton,Jared,4.0,1.0,5.0,1.0,8.0,0.0,0.0,0.0,0.0,0.0,0.0,0.0,1.0,8.0,0.0,missouri_texas_10_18_2008,2008-10-18,texas,missouri,56.0,31.0,Win,http://stats.texassports.com/sports/m-footbl/2008-2009/ut7.html,2008
2A,Kindle,Sergio,4.0,1.0,5.0,2.0,5.0,0.0,0.0,0.0,0.0,0.0,0.0,0.0,1.0,2.0,1.0,missouri_texas_10_18_2008,2008-10-18,texas,missouri,56.0,31.0,Win,http://stats.texassports.com/sports/m-footbl/2008-2009/ut7.html,2008
13,Palmer,Ryan,2.0,2.0,4.0,0.0,0.0,0.0,0.0,0.0,1.0,2.0,1.0,0.0,0.0,0.0,0.0,missouri_texas_10_18_2008,2008-10-18,texas,missouri,56.0,31.0,Win,http://stats.texassports.com/sports/m-footbl/2008-2009/ut7.html,2008
99,Miller,Roy,1.0,3.0,4.0,1.0,7.0,0.0,0.0,0.0,0.0,0.0,0.0,0.0,0.0,0.0,0.0,missouri_texas_10_18_2008,2008-10-18,texas,missouri,56.0,31.0,Win,http://stats.texassports.com/sports/m-footbl/2008-2009/ut7.html,2008
44,Bobino,Rashad,3.0,0.0,3.0,0.0,0.0,0.0,0.0,0.0,0.0,0.0,0.0,0.0,0.0,0.0,0.0,missouri_texas_10_18_2008,2008-10-18,texas,missouri,56.0,31.0,Win,http://stats.texassports.com/sports/m-footbl/2008-2009/ut7.html,2008
3A,Brown,Curtis,2.0,1.0,3.0,0.0,0.0,0.0,0.0,0.0,0.0,0.0,0.0,0.0,0.0,0.0,0.0,missouri_texas_10_18_2008,2008-10-18,texas,missouri,56.0,31.0,Win,http://stats.texassports.com/sports/m-footbl/2008-2009/ut7.html,2008
8A,Brown,Chykie,2.0,0.0,2.0,0.0,0.0,0.0,0.0,0.0,0.0,0.0,1.0,0.0,0.0,0.0,0.0,missouri_texas_10_18_2008,2008-10-18,texas,missouri,56.0,31.0,Win,http://stats.texassports.com/sports/m-footbl/2008-2009/ut7.html,2008
46,Smith,Aaron,2.0,0.0,2.0,0.0,0.0,0.0,0.0,0.0,0.0,0.0,0.0,0.0,0.0,0.0,0.0,missouri_texas_10_18_2008,2008-10-18,texas,missouri,56.0,31.0,Win,http://stats.texassports.com/sports/m-footbl/2008-2009/ut7.html,2008
98,Orakpo,Brian,1.0,0.0,1.0,0.0,0.0,0.0,0.0,0.0,0.0,0.0,0.0,0.0,0.0,0.0,3.0,missouri_texas_10_18_2008,2008-10-18,texas,missouri,56.0,31.0,Win,http://stats.texassports.com/sports/m-footbl/2008-2009/ut7.html,2008
1A,Robinson,Keenan,1.0,0.0,1.0,0.0,0.0,0.0,0.0,0.0,0.0,0.0,0.0,0.0,0.0,0.0,0.0,missouri_texas_10_18_2008,2008-10-18,texas,missouri,56.0,31.0,Win,http://stats.texassports.com/sports/m-footbl/2008-2009/ut7.html,2008
9A,Tucker,Justin,1.0,0.0,1.0,0.0,0.0,0.0,0.0,0.0,0.0,0.0,0.0,0.0,0.0,0.0,0.0,missouri_texas_10_18_2008,2008-10-18,texas,missouri,56.0,31.0,Win,http://stats.texassports.com/sports/m-footbl/2008-2009/ut7.html,2008
7A,Beasley,Deon,1.0,0.0,1.0,0.0,0.0,0.0,0.0,0.0,0.0,0.0,1.0,0.0,0.0,0.0,0.0,missouri_texas_10_18_2008,2008-10-18,texas,missouri,56.0,31.0,Win,http://stats.texassports.com/sports/m-footbl/2008-2009/ut7.html,2008
33,Houston,Lamarr,1.0,0.0,1.0,0.0,0.0,0.0,0.0,0.0,0.0,0.0,1.0,0.0,0.0,0.0,2.0,missouri_texas_10_18_2008,2008-10-18,texas,missouri,56.0,31.0,Win,http://stats.texassports.com/sports/m-footbl/2008-2009/ut7.html,2008
95,Lewis,Aaron,0.0,1.0,1.0,1.0,2.0,0.0,0.0,0.0,0.0,0.0,0.0,0.0,0.0,0.0,0.0,missouri_texas_10_18_2008,2008-10-18,texas,missouri,56.0,31.0,Win,http://stats.texassports.com/sports/m-footbl/2008-2009/ut7.html,2008
81,Acho,Sam,0.0,1.0,1.0,0.0,0.0,0.0,0.0,0.0,0.0,0.0,1.0,0.0,0.0,0.0,0.0,missouri_texas_10_18_2008,2008-10-18,texas,missouri,56.0,31.0,Win,http://stats.texassports.com/sports/m-footbl/2008-2009/ut7.html,2008
37,Melton,Henry,0.0,1.0,1.0,1.0,1.0,0.0,0.0,0.0,0.0,0.0,0.0,0.0,0.0,0.0,2.0,missouri_texas_10_18_2008,2008-10-18,texas,missouri,56.0,31.0,Win,http://stats.texassports.com/sports/m-footbl/2008-2009/ut7.html,2008
GM,Game,,41.0,18.0,59.0,8.0,26.0,0.0,0.0,0.0,1.0,2.0,6.0,0.0,2.0,10.0,9.0,missouri_texas_10_18_2008,2008-10-18,texas,missouri,56.0,31.0,Win,http://stats.texassports.com/sports/m-footbl/2008-2009/ut7.html,2008
11,Norton,Jared,7.0,2.0,9.0,0.0,0.0,0.0,0.0,0.0,0.0,0.0,0.0,0.0,0.0,0.0,0.0,oklahomastate_texas_10_25_2008,2008-10-25,texas,oklahoma state,28.0,24.0,Win,http://stats.texassports.com/sports/m-footbl/2008-2009/ut8.html,2008
1D,Thomas,Earl,4.0,5.0,9.0,0.0,0.0,1.0,0.0,0.0,0.0,0.0,2.0,0.0,0.0,0.0,1.0,oklahomastate_texas_10_25_2008,2008-10-25,texas,oklahoma state,28.0,24.0,Win,http://stats.texassports.com/sports/m-footbl/2008-2009/ut8.html,2008
38,Muckelroy,Roddrick,4.0,5.0,9.0,0.0,0.0,0.0,0.0,0.0,0.0,0.0,0.0,0.0,0.0,0.0,0.0,oklahomastate_texas_10_25_2008,2008-10-25,texas,oklahoma state,28.0,24.0,Win,http://stats.texassports.com/sports/m-footbl/2008-2009/ut8.html,2008
21,Gideon,Blake,4.0,3.0,7.0,0.0,0.0,0.0,0.0,0.0,0.0,0.0,0.0,0.0,0.0,0.0,0.0,oklahomastate_texas_10_25_2008,2008-10-25,texas,oklahoma state,28.0,24.0,Win,http://stats.texassports.com/sports/m-footbl/2008-2009/ut8.html,2008
98,Orakpo,Brian,6.0,0.0,6.0,2.0,2.0,0.0,0.0,0.0,0.0,0.0,0.0,0.0,1.0,1.0,2.0,oklahomastate_texas_10_25_2008,2008-10-25,texas,oklahoma state,28.0,24.0,Win,http://stats.texassports.com/sports/m-footbl/2008-2009/ut8.html,2008
37,Melton,Henry,5.0,1.0,6.0,2.0,5.0,0.0,0.0,0.0,0.0,0.0,0.0,0.0,2.0,5.0,1.0,oklahomastate_texas_10_25_2008,2008-10-25,texas,oklahoma state,28.0,24.0,Win,http://stats.texassports.com/sports/m-footbl/2008-2009/ut8.html,2008
7A,Beasley,Deon,4.0,1.0,5.0,0.0,0.0,0.0,0.0,0.0,0.0,0.0,1.0,0.0,0.0,0.0,0.0,oklahomastate_texas_10_25_2008,2008-10-25,texas,oklahoma state,28.0,24.0,Win,http://stats.texassports.com/sports/m-footbl/2008-2009/ut8.html,2008
33,Houston,Lamarr,3.0,0.0,3.0,2.0,5.0,0.0,0.0,0.0,0.0,0.0,1.0,0.0,1.0,2.0,1.0,oklahomastate_texas_10_25_2008,2008-10-25,texas,oklahoma state,28.0,24.0,Win,http://stats.texassports.com/sports/m-footbl/2008-2009/ut8.html,2008
3A,Brown,Curtis,3.0,0.0,3.0,0.0,0.0,0.0,0.0,0.0,0.0,0.0,2.0,0.0,0.0,0.0,0.0,oklahomastate_texas_10_25_2008,2008-10-25,texas,oklahoma state,28.0,24.0,Win,http://stats.texassports.com/sports/m-footbl/2008-2009/ut8.html,2008
44,Bobino,Rashad,1.0,2.0,3.0,0.0,0.0,0.0,0.0,0.0,0.0,0.0,0.0,0.0,0.0,0.0,0.0,oklahomastate_texas_10_25_2008,2008-10-25,texas,oklahoma state,28.0,24.0,Win,http://stats.texassports.com/sports/m-footbl/2008-2009/ut8.html,2008
2A,Kindle,Sergio,1.0,2.0,3.0,1.0,3.0,0.0,1.0,0.0,0.0,0.0,0.0,0.0,1.0,3.0,0.0,oklahomastate_texas_10_25_2008,2008-10-25,texas,oklahoma state,28.0,24.0,Win,http://stats.texassports.com/sports/m-footbl/2008-2009/ut8.html,2008
99,Miller,Roy,2.0,0.0,2.0,0.0,0.0,0.0,0.0,0.0,0.0,0.0,0.0,0.0,0.0,0.0,1.0,oklahomastate_texas_10_25_2008,2008-10-25,texas,oklahoma state,28.0,24.0,Win,http://stats.texassports.com/sports/m-footbl/2008-2009/ut8.html,2008
13,Palmer,Ryan,1.0,1.0,2.0,0.0,0.0,0.0,0.0,0.0,0.0,0.0,0.0,0.0,0.0,0.0,0.0,oklahomastate_texas_10_25_2008,2008-10-25,texas,oklahoma state,28.0,24.0,Win,http://stats.texassports.com/sports/m-footbl/2008-2009/ut8.html,2008
5A,Wells,Ben,1.0,0.0,1.0,0.0,0.0,0.0,0.0,0.0,0.0,0.0,0.0,0.0,0.0,0.0,0.0,oklahomastate_texas_10_25_2008,2008-10-25,texas,oklahoma state,28.0,24.0,Win,http://stats.texassports.com/sports/m-footbl/2008-2009/ut8.html,2008
23,Scott,Christian,1.0,0.0,1.0,0.0,0.0,0.0,0.0,0.0,0.0,0.0,0.0,0.0,0.0,0.0,0.0,oklahomastate_texas_10_25_2008,2008-10-25,texas,oklahoma state,28.0,24.0,Win,http://stats.texassports.com/sports/m-footbl/2008-2009/ut8.html,2008
6,Cosby,Quan,1.0,0.0,1.0,0.0,0.0,0.0,0.0,0.0,0.0,0.0,0.0,0.0,0.0,0.0,0.0,oklahomastate_texas_10_25_2008,2008-10-25,texas,oklahoma state,28.0,24.0,Win,http://stats.texassports.com/sports/m-footbl/2008-2009/ut8.html,2008
1A,Robinson,Keenan,1.0,0.0,1.0,0.0,0.0,0.0,0.0,0.0,0.0,0.0,0.0,0.0,0.0,0.0,0.0,oklahomastate_texas_10_25_2008,2008-10-25,texas,oklahoma state,28.0,24.0,Win,http://stats.texassports.com/sports/m-footbl/2008-2009/ut8.html,2008
42,Earnest,Dustin,0.0,1.0,1.0,0.0,0.0,0.0,0.0,0.0,0.0,0.0,0.0,0.0,0.0,0.0,0.0,oklahomastate_texas_10_25_2008,2008-10-25,texas,oklahoma state,28.0,24.0,Win,http://stats.texassports.com/sports/m-footbl/2008-2009/ut8.html,2008
4A,Williams,Aaron,0.0,1.0,1.0,0.0,0.0,0.0,0.0,0.0,0.0,0.0,0.0,0.0,0.0,0.0,0.0,oklahomastate_texas_10_25_2008,2008-10-25,texas,oklahoma state,28.0,24.0,Win,http://stats.texassports.com/sports/m-footbl/2008-2009/ut8.html,2008
95,Lewis,Aaron,0.0,0.0,0.0,0.0,0.0,0.0,0.0,0.0,0.0,0.0,0.0,0.0,0.0,0.0,2.0,oklahomastate_texas_10_25_2008,2008-10-25,texas,oklahoma state,28.0,24.0,Win,http://stats.texassports.com/sports/m-footbl/2008-2009/ut8.html,2008
GM,Game,,49.0,24.0,73.0,7.0,15.0,1.0,1.0,0.0,0.0,0.0,6.0,0.0,5.0,11.0,8.0,oklahomastate_texas_10_25_2008,2008-10-25,texas,oklahoma state,28.0,24.0,Win,http://stats.texassports.com/sports/m-footbl/2008-2009/ut8.html,2008
38,Muckelroy,Roddrick,10.0,2.0,12.0,0.0,0.0,0.0,0.0,0.0,0.0,0.0,0.0,0.0,0.0,0.0,0.0,texas_texastech_11_1_2008,2008-11-01,texas tech,texas,39.0,33.0,Loss,http://stats.texassports.com/sports/m-footbl/2008-2009/ut9.html,2008
1D,Thomas,Earl,9.0,1.0,10.0,0.0,0.0,0.0,0.0,0.0,0.0,0.0,2.0,0.0,0.0,0.0,0.0,texas_texastech_11_1_2008,2008-11-01,texas tech,texas,39.0,33.0,Loss,http://stats.texassports.com/sports/m-footbl/2008-2009/ut9.html,2008
7A,Beasley,Deon,8.0,1.0,9.0,0.0,0.0,0.0,0.0,0.0,0.0,0.0,0.0,0.0,0.0,0.0,0.0,texas_texastech_11_1_2008,2008-11-01,texas tech,texas,39.0,33.0,Loss,http://stats.texassports.com/sports/m-footbl/2008-2009/ut9.html,2008
21,Gideon,Blake,7.0,2.0,9.0,0.0,0.0,0.0,0.0,0.0,0.0,0.0,1.0,0.0,0.0,0.0,1.0,texas_texastech_11_1_2008,2008-11-01,texas tech,texas,39.0,33.0,Loss,http://stats.texassports.com/sports/m-footbl/2008-2009/ut9.html,2008
44,Bobino,Rashad,5.0,1.0,6.0,0.0,0.0,0.0,0.0,0.0,0.0,0.0,0.0,0.0,0.0,0.0,0.0,texas_texastech_11_1_2008,2008-11-01,texas tech,texas,39.0,33.0,Loss,http://stats.texassports.com/sports/m-footbl/2008-2009/ut9.html,2008
2A,Kindle,Sergio,5.0,1.0,6.0,1.0,16.0,1.0,0.0,0.0,0.0,0.0,0.0,0.0,1.0,16.0,4.0,texas_texastech_11_1_2008,2008-11-01,texas tech,texas,39.0,33.0,Loss,http://stats.texassports.com/sports/m-footbl/2008-2009/ut9.html,2008
99,Miller,Roy,5.0,0.0,5.0,1.0,9.0,0.0,0.0,0.0,0.0,0.0,0.0,0.0,1.0,9.0,4.0,texas_texastech_11_1_2008,2008-11-01,texas tech,texas,39.0,33.0,Loss,http://stats.texassports.com/sports/m-footbl/2008-2009/ut9.html,2008
37,Melton,Henry,2.0,1.0,3.0,0.0,0.0,0.0,0.0,0.0,0.0,0.0,0.0,1.0,0.0,0.0,0.0,texas_texastech_11_1_2008,2008-11-01,texas tech,texas,39.0,33.0,Loss,http://stats.texassports.com/sports/m-footbl/2008-2009/ut9.html,2008
4A,Williams,Aaron,2.0,1.0,3.0,1.0,4.0,0.0,1.0,0.0,0.0,0.0,2.0,1.0,0.0,0.0,0.0,texas_texastech_11_1_2008,2008-11-01,texas tech,texas,39.0,33.0,Loss,http://stats.texassports.com/sports/m-footbl/2008-2009/ut9.html,2008
9,Williams,Malcolm,2.0,0.0,2.0,0.0,0.0,0.0,0.0,0.0,0.0,0.0,0.0,0.0,0.0,0.0,0.0,texas_texastech_11_1_2008,2008-11-01,texas tech,texas,39.0,33.0,Loss,http://stats.texassports.com/sports/m-footbl/2008-2009/ut9.html,2008
98,Orakpo,Brian,1.0,1.0,2.0,1.0,1.0,0.0,0.0,0.0,0.0,0.0,0.0,0.0,0.0,0.0,2.0,texas_texastech_11_1_2008,2008-11-01,texas tech,texas,39.0,33.0,Loss,http://stats.texassports.com/sports/m-footbl/2008-2009/ut9.html,2008
3A,Brown,Curtis,1.0,1.0,2.0,0.0,0.0,0.0,0.0,0.0,0.0,0.0,1.0,0.0,0.0,0.0,0.0,texas_texastech_11_1_2008,2008-11-01,texas tech,texas,39.0,33.0,Loss,http://stats.texassports.com/sports/m-footbl/2008-2009/ut9.html,2008
8A,Brown,Chykie,1.0,0.0,1.0,0.0,0.0,0.0,0.0,0.0,0.0,0.0,0.0,0.0,0.0,0.0,0.0,texas_texastech_11_1_2008,2008-11-01,texas tech,texas,39.0,33.0,Loss,http://stats.texassports.com/sports/m-footbl/2008-2009/ut9.html,2008
95,Lewis,Aaron,1.0,0.0,1.0,0.0,0.0,0.0,0.0,0.0,0.0,0.0,0.0,0.0,0.0,0.0,1.0,texas_texastech_11_1_2008,2008-11-01,texas tech,texas,39.0,33.0,Loss,http://stats.texassports.com/sports/m-footbl/2008-2009/ut9.html,2008
33,Houston,Lamarr,1.0,0.0,1.0,0.0,0.0,0.0,0.0,0.0,0.0,0.0,0.0,0.0,0.0,0.0,2.0,texas_texastech_11_1_2008,2008-11-01,texas tech,texas,39.0,33.0,Loss,http://stats.texassports.com/sports/m-footbl/2008-2009/ut9.html,2008
1A,Robinson,Keenan,1.0,0.0,1.0,0.0,0.0,0.0,0.0,0.0,0.0,0.0,0.0,0.0,0.0,0.0,0.0,texas_texastech_11_1_2008,2008-11-01,texas tech,texas,39.0,33.0,Loss,http://stats.texassports.com/sports/m-footbl/2008-2009/ut9.html,2008
81,Acho,Sam,0.0,1.0,1.0,0.0,0.0,0.0,0.0,0.0,0.0,0.0,0.0,0.0,0.0,0.0,1.0,texas_texastech_11_1_2008,2008-11-01,texas tech,texas,39.0,33.0,Loss,http://stats.texassports.com/sports/m-footbl/2008-2009/ut9.html,2008
13,Palmer,Ryan,0.0,0.0,0.0,0.0,0.0,0.0,0.0,0.0,0.0,0.0,1.0,0.0,0.0,0.0,0.0,texas_texastech_11_1_2008,2008-11-01,texas tech,texas,39.0,33.0,Loss,http://stats.texassports.com/sports/m-footbl/2008-2009/ut9.html,2008
GM,Game,,61.0,13.0,74.0,4.0,30.0,1.0,1.0,0.0,0.0,0.0,7.0,2.0,2.0,25.0,15.0,texas_texastech_11_1_2008,2008-11-01,texas tech,texas,39.0,33.0,Loss,http://stats.texassports.com/sports/m-footbl/2008-2009/ut9.html,2008
38,Muckelroy,Roddrick,5.0,0.0,5.0,0.0,0.0,0.0,0.0,0.0,0.0,0.0,0.0,0.0,0.0,0.0,2.0,baylor_texas_11_8_2008,2008-11-08,texas,baylor,45.0,21.0,Win,http://stats.texassports.com/sports/m-footbl/2008-2009/ut10.html,2008
1D,Thomas,Earl,5.0,0.0,5.0,3.0,10.0,1.0,0.0,0.0,0.0,0.0,2.0,0.0,0.0,0.0,1.0,baylor_texas_11_8_2008,2008-11-08,texas,baylor,45.0,21.0,Win,http://stats.texassports.com/sports/m-footbl/2008-2009/ut10.html,2008
44,Bobino,Rashad,3.0,1.0,4.0,0.0,0.0,0.0,0.0,0.0,0.0,0.0,0.0,0.0,0.0,0.0,1.0,baylor_texas_11_8_2008,2008-11-08,texas,baylor,45.0,21.0,Win,http://stats.texassports.com/sports/m-footbl/2008-2009/ut10.html,2008
99,Miller,Roy,2.0,2.0,4.0,2.0,23.0,0.0,0.0,0.0,0.0,0.0,0.0,0.0,2.0,23.0,2.0,baylor_texas_11_8_2008,2008-11-08,texas,baylor,45.0,21.0,Win,http://stats.texassports.com/sports/m-footbl/2008-2009/ut10.html,2008
37,Melton,Henry,2.0,2.0,4.0,0.0,0.0,0.0,0.0,0.0,0.0,0.0,0.0,0.0,0.0,0.0,3.0,baylor_texas_11_8_2008,2008-11-08,texas,baylor,45.0,21.0,Win,http://stats.texassports.com/sports/m-footbl/2008-2009/ut10.html,2008
2A,Kindle,Sergio,2.0,1.0,3.0,0.0,0.0,0.0,0.0,0.0,0.0,0.0,0.0,0.0,0.0,0.0,0.0,baylor_texas_11_8_2008,2008-11-08,texas,baylor,45.0,21.0,Win,http://stats.texassports.com/sports/m-footbl/2008-2009/ut10.html,2008
11,Norton,Jared,2.0,0.0,2.0,0.0,0.0,0.0,0.0,0.0,0.0,0.0,0.0,0.0,0.0,0.0,0.0,baylor_texas_11_8_2008,2008-11-08,texas,baylor,45.0,21.0,Win,http://stats.texassports.com/sports/m-footbl/2008-2009/ut10.html,2008
9A,Tucker,Justin,2.0,0.0,2.0,0.0,0.0,0.0,0.0,0.0,0.0,0.0,0.0,0.0,0.0,0.0,0.0,baylor_texas_11_8_2008,2008-11-08,texas,baylor,45.0,21.0,Win,http://stats.texassports.com/sports/m-footbl/2008-2009/ut10.html,2008
81,Acho,Sam,2.0,0.0,2.0,0.0,0.0,0.0,0.0,0.0,0.0,0.0,1.0,0.0,0.0,0.0,1.0,baylor_texas_11_8_2008,2008-11-08,texas,baylor,45.0,21.0,Win,http://stats.texassports.com/sports/m-footbl/2008-2009/ut10.html,2008
13,Palmer,Ryan,2.0,0.0,2.0,1.0,6.0,0.0,0.0,0.0,1.0,22.0,1.0,0.0,1.0,6.0,1.0,baylor_texas_11_8_2008,2008-11-08,texas,baylor,45.0,21.0,Win,http://stats.texassports.com/sports/m-footbl/2008-2009/ut10.html,2008
21,Gideon,Blake,1.0,1.0,2.0,0.0,0.0,0.0,0.0,0.0,0.0,0.0,1.0,0.0,0.0,0.0,0.0,baylor_texas_11_8_2008,2008-11-08,texas,baylor,45.0,21.0,Win,http://stats.texassports.com/sports/m-footbl/2008-2009/ut10.html,2008
1A,Robinson,Keenan,1.0,1.0,2.0,0.0,0.0,0.0,0.0,0.0,0.0,0.0,0.0,0.0,0.0,0.0,0.0,baylor_texas_11_8_2008,2008-11-08,texas,baylor,45.0,21.0,Win,http://stats.texassports.com/sports/m-footbl/2008-2009/ut10.html,2008
5,Collins,Brandon,1.0,0.0,1.0,0.0,0.0,0.0,0.0,0.0,0.0,0.0,0.0,0.0,0.0,0.0,0.0,baylor_texas_11_8_2008,2008-11-08,texas,baylor,45.0,21.0,Win,http://stats.texassports.com/sports/m-footbl/2008-2009/ut10.html,2008
1E,Acho,Emmanuel,1.0,0.0,1.0,0.0,0.0,1.0,0.0,0.0,0.0,0.0,0.0,0.0,0.0,0.0,0.0,baylor_texas_11_8_2008,2008-11-08,texas,baylor,45.0,21.0,Win,http://stats.texassports.com/sports/m-footbl/2008-2009/ut10.html,2008
27,Brewster,Nolan,1.0,0.0,1.0,0.0,0.0,0.0,0.0,0.0,0.0,0.0,0.0,0.0,0.0,0.0,0.0,baylor_texas_11_8_2008,2008-11-08,texas,baylor,45.0,21.0,Win,http://stats.texassports.com/sports/m-footbl/2008-2009/ut10.html,2008
32,Jones,Eddie,1.0,0.0,1.0,1.0,2.0,0.0,0.0,0.0,0.0,0.0,0.0,0.0,0.0,0.0,0.0,baylor_texas_11_8_2008,2008-11-08,texas,baylor,45.0,21.0,Win,http://stats.texassports.com/sports/m-footbl/2008-2009/ut10.html,2008
64,Hix,Kyle,1.0,0.0,1.0,0.0,0.0,0.0,0.0,0.0,0.0,0.0,0.0,0.0,0.0,0.0,0.0,baylor_texas_11_8_2008,2008-11-08,texas,baylor,45.0,21.0,Win,http://stats.texassports.com/sports/m-footbl/2008-2009/ut10.html,2008
7A,Beasley,Deon,1.0,0.0,1.0,0.0,0.0,0.0,0.0,0.0,0.0,0.0,3.0,0.0,0.0,0.0,0.0,baylor_texas_11_8_2008,2008-11-08,texas,baylor,45.0,21.0,Win,http://stats.texassports.com/sports/m-footbl/2008-2009/ut10.html,2008
91,Randall,Kheeston,1.0,0.0,1.0,0.0,0.0,0.0,0.0,0.0,0.0,0.0,0.0,0.0,0.0,0.0,0.0,baylor_texas_11_8_2008,2008-11-08,texas,baylor,45.0,21.0,Win,http://stats.texassports.com/sports/m-footbl/2008-2009/ut10.html,2008
46,Smith,Aaron,1.0,0.0,1.0,0.0,0.0,0.0,0.0,0.0,0.0,0.0,0.0,0.0,0.0,0.0,0.0,baylor_texas_11_8_2008,2008-11-08,texas,baylor,45.0,21.0,Win,http://stats.texassports.com/sports/m-footbl/2008-2009/ut10.html,2008
4A,Williams,Aaron,0.0,1.0,1.0,0.0,0.0,0.0,0.0,0.0,0.0,0.0,0.0,0.0,0.0,0.0,0.0,baylor_texas_11_8_2008,2008-11-08,texas,baylor,45.0,21.0,Win,http://stats.texassports.com/sports/m-footbl/2008-2009/ut10.html,2008
92,Alexander,Ben,0.0,0.0,0.0,0.0,0.0,0.0,0.0,0.0,0.0,0.0,0.0,0.0,0.0,0.0,1.0,baylor_texas_11_8_2008,2008-11-08,texas,baylor,45.0,21.0,Win,http://stats.texassports.com/sports/m-footbl/2008-2009/ut10.html,2008
95,Lewis,Aaron,0.0,0.0,0.0,0.0,0.0,0.0,0.0,0.0,0.0,0.0,0.0,0.0,0.0,0.0,1.0,baylor_texas_11_8_2008,2008-11-08,texas,baylor,45.0,21.0,Win,http://stats.texassports.com/sports/m-footbl/2008-2009/ut10.html,2008
3A,Brown,Curtis,0.0,0.0,0.0,0.0,0.0,0.0,0.0,0.0,0.0,0.0,2.0,0.0,0.0,0.0,1.0,baylor_texas_11_8_2008,2008-11-08,texas,baylor,45.0,21.0,Win,http://stats.texassports.com/sports/m-footbl/2008-2009/ut10.html,2008
GM,Game,,37.0,9.0,46.0,7.0,41.0,2.0,0.0,0.0,1.0,22.0,10.0,0.0,3.0,29.0,14.0,baylor_texas_11_8_2008,2008-11-08,texas,baylor,45.0,21.0,Win,http://stats.texassports.com/sports/m-footbl/2008-2009/ut10.html,2008
7A,Beasley,Deon,5.0,3.0,8.0,1.0,1.0,0.0,1.0,0.0,0.0,0.0,1.0,0.0,0.0,0.0,0.0,texas_kansas_11_15_2008,2008-11-15,kansas,texas,7.0,35.0,Win,http://stats.texassports.com/sports/m-footbl/2008-2009/ut11.html,2008
3A,Brown,Curtis,6.0,0.0,6.0,0.0,0.0,0.0,0.0,0.0,0.0,0.0,0.0,0.0,0.0,0.0,0.0,texas_kansas_11_15_2008,2008-11-15,kansas,texas,7.0,35.0,Win,http://stats.texassports.com/sports/m-footbl/2008-2009/ut11.html,2008
38,Muckelroy,Roddrick,1.0,5.0,6.0,0.0,0.0,0.0,0.0,0.0,0.0,0.0,1.0,0.0,0.0,0.0,0.0,texas_kansas_11_15_2008,2008-11-15,kansas,texas,7.0,35.0,Win,http://stats.texassports.com/sports/m-footbl/2008-2009/ut11.html,2008
11,Norton,Jared,1.0,4.0,5.0,0.0,0.0,0.0,0.0,0.0,0.0,0.0,1.0,0.0,0.0,0.0,0.0,texas_kansas_11_15_2008,2008-11-15,kansas,texas,7.0,35.0,Win,http://stats.texassports.com/sports/m-footbl/2008-2009/ut11.html,2008
1D,Thomas,Earl,0.0,5.0,5.0,0.0,0.0,0.0,0.0,0.0,0.0,0.0,2.0,0.0,0.0,0.0,0.0,texas_kansas_11_15_2008,2008-11-15,kansas,texas,7.0,35.0,Win,http://stats.texassports.com/sports/m-footbl/2008-2009/ut11.html,2008
21,Gideon,Blake,3.0,1.0,4.0,0.0,0.0,1.0,0.0,0.0,0.0,0.0,1.0,0.0,0.0,0.0,1.0,texas_kansas_11_15_2008,2008-11-15,kansas,texas,7.0,35.0,Win,http://stats.texassports.com/sports/m-footbl/2008-2009/ut11.html,2008
99,Miller,Roy,2.0,2.0,4.0,2.0,7.0,0.0,0.0,0.0,0.0,0.0,1.0,0.0,0.5,6.0,2.0,texas_kansas_11_15_2008,2008-11-15,kansas,texas,7.0,35.0,Win,http://stats.texassports.com/sports/m-footbl/2008-2009/ut11.html,2008
23,Scott,Christian,3.0,0.0,3.0,0.0,0.0,1.0,1.0,0.0,0.0,0.0,3.0,0.0,0.0,0.0,0.0,texas_kansas_11_15_2008,2008-11-15,kansas,texas,7.0,35.0,Win,http://stats.texassports.com/sports/m-footbl/2008-2009/ut11.html,2008
44,Bobino,Rashad,2.0,1.0,3.0,0.0,0.0,0.0,0.0,0.0,0.0,0.0,0.0,0.0,0.0,0.0,1.0,texas_kansas_11_15_2008,2008-11-15,kansas,texas,7.0,35.0,Win,http://stats.texassports.com/sports/m-footbl/2008-2009/ut11.html,2008
37,Melton,Henry,2.0,1.0,3.0,2.0,14.0,0.0,0.0,0.0,0.0,0.0,0.0,0.0,1.0,6.0,1.0,texas_kansas_11_15_2008,2008-11-15,kansas,texas,7.0,35.0,Win,http://stats.texassports.com/sports/m-footbl/2008-2009/ut11.html,2008
1A,Robinson,Keenan,2.0,1.0,3.0,0.0,0.0,0.0,0.0,0.0,0.0,0.0,0.0,0.0,0.0,0.0,0.0,texas_kansas_11_15_2008,2008-11-15,kansas,texas,7.0,35.0,Win,http://stats.texassports.com/sports/m-footbl/2008-2009/ut11.html,2008
8A,Brown,Chykie,1.0,2.0,3.0,0.0,0.0,0.0,0.0,0.0,0.0,0.0,2.0,0.0,0.0,0.0,0.0,texas_kansas_11_15_2008,2008-11-15,kansas,texas,7.0,35.0,Win,http://stats.texassports.com/sports/m-footbl/2008-2009/ut11.html,2008
13,Palmer,Ryan,1.0,2.0,3.0,0.0,0.0,0.0,0.0,0.0,0.0,0.0,2.0,0.0,0.0,0.0,1.0,texas_kansas_11_15_2008,2008-11-15,kansas,texas,7.0,35.0,Win,http://stats.texassports.com/sports/m-footbl/2008-2009/ut11.html,2008
32,Jones,Eddie,2.0,0.0,2.0,1.0,1.0,0.0,0.0,0.0,0.0,0.0,0.0,0.0,0.0,0.0,1.0,texas_kansas_11_15_2008,2008-11-15,kansas,texas,7.0,35.0,Win,http://stats.texassports.com/sports/m-footbl/2008-2009/ut11.html,2008
9,Williams,Malcolm,2.0,0.0,2.0,0.0,0.0,1.0,0.0,0.0,0.0,0.0,0.0,0.0,0.0,0.0,0.0,texas_kansas_11_15_2008,2008-11-15,kansas,texas,7.0,35.0,Win,http://stats.texassports.com/sports/m-footbl/2008-2009/ut11.html,2008
81,Acho,Sam,1.0,1.0,2.0,1.0,16.0,0.0,0.0,0.0,0.0,0.0,0.0,0.0,1.0,16.0,2.0,texas_kansas_11_15_2008,2008-11-15,kansas,texas,7.0,35.0,Win,http://stats.texassports.com/sports/m-footbl/2008-2009/ut11.html,2008
2A,Kindle,Sergio,1.0,1.0,2.0,2.0,9.0,0.0,0.0,0.0,0.0,0.0,1.0,0.0,1.5,9.0,1.0,texas_kansas_11_15_2008,2008-11-15,kansas,texas,7.0,35.0,Win,http://stats.texassports.com/sports/m-footbl/2008-2009/ut11.html,2008
95,Lewis,Aaron,1.0,0.0,1.0,0.0,0.0,0.0,0.0,0.0,0.0,0.0,0.0,0.0,0.0,0.0,3.0,texas_kansas_11_15_2008,2008-11-15,kansas,texas,7.0,35.0,Win,http://stats.texassports.com/sports/m-footbl/2008-2009/ut11.html,2008
9A,Tucker,Justin,1.0,0.0,1.0,0.0,0.0,0.0,0.0,0.0,0.0,0.0,0.0,0.0,0.0,0.0,0.0,texas_kansas_11_15_2008,2008-11-15,kansas,texas,7.0,35.0,Win,http://stats.texassports.com/sports/m-footbl/2008-2009/ut11.html,2008
27,Brewster,Nolan,1.0,0.0,1.0,0.0,0.0,0.0,0.0,0.0,0.0,0.0,0.0,0.0,0.0,0.0,0.0,texas_kansas_11_15_2008,2008-11-15,kansas,texas,7.0,35.0,Win,http://stats.texassports.com/sports/m-footbl/2008-2009/ut11.html,2008
33,Houston,Lamarr,1.0,0.0,1.0,0.0,0.0,0.0,0.0,0.0,0.0,0.0,1.0,0.0,0.0,0.0,2.0,texas_kansas_11_15_2008,2008-11-15,kansas,texas,7.0,35.0,Win,http://stats.texassports.com/sports/m-footbl/2008-2009/ut11.html,2008
GM,Game,,39.0,29.0,68.0,9.0,48.0,3.0,2.0,0.0,0.0,0.0,16.0,0.0,4.0,37.0,15.0,texas_kansas_11_15_2008,2008-11-15,kansas,texas,7.0,35.0,Win,http://stats.texassports.com/sports/m-footbl/2008-2009/ut11.html,2008
38,Muckelroy,Roddrick,5.0,2.0,7.0,1.0,1.0,0.0,0.0,0.0,0.0,0.0,0.0,0.0,0.0,0.0,1.0,texasam_texas_11_27_2008,2008-11-27,texas,texas am,49.0,9.0,Win,http://stats.texassports.com/sports/m-footbl/2008-2009/ut12.html,2008
1D,Thomas,Earl,5.0,1.0,6.0,0.0,0.0,0.0,0.0,0.0,0.0,0.0,0.0,0.0,0.0,0.0,1.0,texasam_texas_11_27_2008,2008-11-27,texas,texas am,49.0,9.0,Win,http://stats.texassports.com/sports/m-footbl/2008-2009/ut12.html,2008
2A,Kindle,Sergio,4.0,1.0,5.0,3.0,13.0,0.0,0.0,0.0,0.0,0.0,0.0,0.0,1.0,9.0,2.0,texasam_texas_11_27_2008,2008-11-27,texas,texas am,49.0,9.0,Win,http://stats.texassports.com/sports/m-footbl/2008-2009/ut12.html,2008
98,Orakpo,Brian,3.0,2.0,5.0,3.0,12.0,1.0,0.0,0.0,0.0,0.0,0.0,0.0,1.5,11.0,4.0,texasam_texas_11_27_2008,2008-11-27,texas,texas am,49.0,9.0,Win,http://stats.texassports.com/sports/m-footbl/2008-2009/ut12.html,2008
21,Gideon,Blake,3.0,1.0,4.0,0.0,0.0,0.0,0.0,0.0,0.0,0.0,0.0,0.0,0.0,0.0,0.0,texasam_texas_11_27_2008,2008-11-27,texas,texas am,49.0,9.0,Win,http://stats.texassports.com/sports/m-footbl/2008-2009/ut12.html,2008
11,Norton,Jared,2.0,2.0,4.0,0.0,0.0,0.0,0.0,0.0,0.0,0.0,0.0,0.0,0.0,0.0,0.0,texasam_texas_11_27_2008,2008-11-27,texas,texas am,49.0,9.0,Win,http://stats.texassports.com/sports/m-footbl/2008-2009/ut12.html,2008
99,Miller,Roy,1.0,3.0,4.0,0.0,0.0,0.0,0.0,0.0,0.0,0.0,1.0,0.0,0.0,0.0,3.0,texasam_texas_11_27_2008,2008-11-27,texas,texas am,49.0,9.0,Win,http://stats.texassports.com/sports/m-footbl/2008-2009/ut12.html,2008
13,Palmer,Ryan,3.0,0.0,3.0,1.0,10.0,0.0,0.0,0.0,0.0,0.0,0.0,0.0,1.0,10.0,0.0,texasam_texas_11_27_2008,2008-11-27,texas,texas am,49.0,9.0,Win,http://stats.texassports.com/sports/m-footbl/2008-2009/ut12.html,2008
37,Melton,Henry,2.0,1.0,3.0,1.0,1.0,0.0,1.0,0.0,0.0,0.0,0.0,0.0,0.0,0.0,1.0,texasam_texas_11_27_2008,2008-11-27,texas,texas am,49.0,9.0,Win,http://stats.texassports.com/sports/m-footbl/2008-2009/ut12.html,2008
1A,Robinson,Keenan,2.0,1.0,3.0,0.0,0.0,0.0,0.0,0.0,0.0,0.0,0.0,0.0,0.0,0.0,1.0,texasam_texas_11_27_2008,2008-11-27,texas,texas am,49.0,9.0,Win,http://stats.texassports.com/sports/m-footbl/2008-2009/ut12.html,2008
1E,Acho,Emmanuel,2.0,0.0,2.0,0.0,0.0,0.0,0.0,0.0,0.0,0.0,0.0,0.0,0.0,0.0,0.0,texasam_texas_11_27_2008,2008-11-27,texas,texas am,49.0,9.0,Win,http://stats.texassports.com/sports/m-footbl/2008-2009/ut12.html,2008
44,Bobino,Rashad,2.0,0.0,2.0,0.0,0.0,0.0,0.0,0.0,0.0,0.0,0.0,0.0,0.0,0.0,1.0,texasam_texas_11_27_2008,2008-11-27,texas,texas am,49.0,9.0,Win,http://stats.texassports.com/sports/m-footbl/2008-2009/ut12.html,2008
8A,Brown,Chykie,1.0,1.0,2.0,0.0,0.0,0.0,0.0,0.0,0.0,0.0,0.0,0.0,0.0,0.0,0.0,texasam_texas_11_27_2008,2008-11-27,texas,texas am,49.0,9.0,Win,http://stats.texassports.com/sports/m-footbl/2008-2009/ut12.html,2008
7A,Beasley,Deon,1.0,0.0,1.0,1.0,10.0,0.0,0.0,0.0,0.0,0.0,0.0,0.0,1.0,10.0,0.0,texasam_texas_11_27_2008,2008-11-27,texas,texas am,49.0,9.0,Win,http://stats.texassports.com/sports/m-footbl/2008-2009/ut12.html,2008
81,Acho,Sam,1.0,0.0,1.0,1.0,12.0,0.0,0.0,0.0,0.0,0.0,0.0,0.0,1.0,12.0,1.0,texasam_texas_11_27_2008,2008-11-27,texas,texas am,49.0,9.0,Win,http://stats.texassports.com/sports/m-footbl/2008-2009/ut12.html,2008
3A,Brown,Curtis,1.0,0.0,1.0,0.0,0.0,0.0,0.0,0.0,0.0,0.0,2.0,0.0,0.0,0.0,0.0,texasam_texas_11_27_2008,2008-11-27,texas,texas am,49.0,9.0,Win,http://stats.texassports.com/sports/m-footbl/2008-2009/ut12.html,2008
4A,Williams,Aaron,1.0,0.0,1.0,0.0,0.0,0.0,0.0,0.0,0.0,0.0,0.0,1.0,0.0,0.0,0.0,texasam_texas_11_27_2008,2008-11-27,texas,texas am,49.0,9.0,Win,http://stats.texassports.com/sports/m-footbl/2008-2009/ut12.html,2008
23,Scott,Christian,1.0,0.0,1.0,0.0,0.0,0.0,0.0,0.0,0.0,0.0,0.0,0.0,0.0,0.0,0.0,texasam_texas_11_27_2008,2008-11-27,texas,texas am,49.0,9.0,Win,http://stats.texassports.com/sports/m-footbl/2008-2009/ut12.html,2008
95,Lewis,Aaron,1.0,0.0,1.0,0.0,0.0,0.0,0.0,0.0,0.0,0.0,1.0,0.0,0.0,0.0,2.0,texasam_texas_11_27_2008,2008-11-27,texas,texas am,49.0,9.0,Win,http://stats.texassports.com/sports/m-footbl/2008-2009/ut12.html,2008
46,Smith,Aaron,0.0,1.0,1.0,0.0,0.0,0.0,0.0,0.0,0.0,0.0,0.0,0.0,0.0,0.0,0.0,texasam_texas_11_27_2008,2008-11-27,texas,texas am,49.0,9.0,Win,http://stats.texassports.com/sports/m-footbl/2008-2009/ut12.html,2008
33,Houston,Lamarr,0.0,1.0,1.0,1.0,4.0,0.0,0.0,0.0,0.0,0.0,0.0,0.0,0.5,4.0,0.0,texasam_texas_11_27_2008,2008-11-27,texas,texas am,49.0,9.0,Win,http://stats.texassports.com/sports/m-footbl/2008-2009/ut12.html,2008
32,Jones,Eddie,0.0,0.0,0.0,0.0,0.0,0.0,0.0,0.0,0.0,0.0,0.0,0.0,0.0,0.0,1.0,texasam_texas_11_27_2008,2008-11-27,texas,texas am,49.0,9.0,Win,http://stats.texassports.com/sports/m-footbl/2008-2009/ut12.html,2008
94,Wilcoxon,Michael,0.0,0.0,0.0,0.0,0.0,0.0,0.0,0.0,0.0,0.0,0.0,0.0,0.0,0.0,1.0,texasam_texas_11_27_2008,2008-11-27,texas,texas am,49.0,9.0,Win,http://stats.texassports.com/sports/m-footbl/2008-2009/ut12.html,2008
GM,Game,,41.0,17.0,58.0,12.0,63.0,1.0,1.0,0.0,0.0,0.0,4.0,1.0,6.0,56.0,19.0,texasam_texas_11_27_2008,2008-11-27,texas,texas am,49.0,9.0,Win,http://stats.texassports.com/sports/m-footbl/2008-2009/ut12.html,2008
1D,Thomas,Earl,6.0,3.0,9.0,0.0,0.0,0.0,0.0,0.0,0.0,0.0,2.0,0.0,0.0,0.0,0.0,ohiostate_texas_1_5_2009,2009-01-05,texas,ohio state,24.0,21.0,Win,http://stats.texassports.com/sports/m-footbl/2008-2009/ut13.html,2008
11,Norton,Jared,5.0,1.0,6.0,0.0,0.0,0.0,0.0,0.0,0.0,0.0,0.0,0.0,0.0,0.0,0.0,ohiostate_texas_1_5_2009,2009-01-05,texas,ohio state,24.0,21.0,Win,http://stats.texassports.com/sports/m-footbl/2008-2009/ut13.html,2008
38,Muckelroy,Roddrick,3.0,3.0,6.0,0.0,0.0,0.0,0.0,0.0,0.0,0.0,0.0,0.0,0.0,0.0,0.0,ohiostate_texas_1_5_2009,2009-01-05,texas,ohio state,24.0,21.0,Win,http://stats.texassports.com/sports/m-footbl/2008-2009/ut13.html,2008
21,Gideon,Blake,3.0,2.0,5.0,0.0,0.0,0.0,0.0,0.0,0.0,0.0,0.0,0.0,0.0,0.0,4.0,ohiostate_texas_1_5_2009,2009-01-05,texas,ohio state,24.0,21.0,Win,http://stats.texassports.com/sports/m-footbl/2008-2009/ut13.html,2008
37,Melton,Henry,3.0,0.0,3.0,2.0,5.0,0.0,0.0,0.0,0.0,0.0,0.0,0.0,0.0,0.0,2.0,ohiostate_texas_1_5_2009,2009-01-05,texas,ohio state,24.0,21.0,Win,http://stats.texassports.com/sports/m-footbl/2008-2009/ut13.html,2008
2A,Kindle,Sergio,3.0,0.0,3.0,1.0,8.0,0.0,0.0,0.0,0.0,0.0,0.0,0.0,1.0,8.0,0.0,ohiostate_texas_1_5_2009,2009-01-05,texas,ohio state,24.0,21.0,Win,http://stats.texassports.com/sports/m-footbl/2008-2009/ut13.html,2008
44,Bobino,Rashad,2.0,1.0,3.0,0.0,0.0,0.0,0.0,0.0,0.0,0.0,0.0,0.0,0.0,0.0,1.0,ohiostate_texas_1_5_2009,2009-01-05,texas,ohio state,24.0,21.0,Win,http://stats.texassports.com/sports/m-footbl/2008-2009/ut13.html,2008
99,Miller,Roy,2.0,1.0,3.0,1.0,8.0,0.0,0.0,0.0,0.0,0.0,0.0,0.0,1.0,8.0,2.0,ohiostate_texas_1_5_2009,2009-01-05,texas,ohio state,24.0,21.0,Win,http://stats.texassports.com/sports/m-footbl/2008-2009/ut13.html,2008
23,Scott,Christian,2.0,0.0,2.0,0.0,0.0,0.0,0.0,0.0,0.0,0.0,0.0,0.0,0.0,0.0,0.0,ohiostate_texas_1_5_2009,2009-01-05,texas,ohio state,24.0,21.0,Win,http://stats.texassports.com/sports/m-footbl/2008-2009/ut13.html,2008
1A,Robinson,Keenan,2.0,0.0,2.0,0.0,0.0,0.0,0.0,0.0,0.0,0.0,0.0,0.0,0.0,0.0,0.0,ohiostate_texas_1_5_2009,2009-01-05,texas,ohio state,24.0,21.0,Win,http://stats.texassports.com/sports/m-footbl/2008-2009/ut13.html,2008
13,Palmer,Ryan,2.0,0.0,2.0,0.0,0.0,0.0,0.0,0.0,0.0,0.0,1.0,0.0,0.0,0.0,0.0,ohiostate_texas_1_5_2009,2009-01-05,texas,ohio state,24.0,21.0,Win,http://stats.texassports.com/sports/m-footbl/2008-2009/ut13.html,2008
98,Orakpo,Brian,2.0,0.0,2.0,1.0,10.0,0.0,0.0,0.0,0.0,0.0,0.0,0.0,1.0,10.0,3.0,ohiostate_texas_1_5_2009,2009-01-05,texas,ohio state,24.0,21.0,Win,http://stats.texassports.com/sports/m-footbl/2008-2009/ut13.html,2008
33,Houston,Lamarr,1.0,1.0,2.0,0.0,0.0,0.0,0.0,0.0,0.0,0.0,0.0,0.0,0.0,0.0,0.0,ohiostate_texas_1_5_2009,2009-01-05,texas,ohio state,24.0,21.0,Win,http://stats.texassports.com/sports/m-footbl/2008-2009/ut13.html,2008
7A,Beasley,Deon,1.0,1.0,2.0,0.0,0.0,0.0,0.0,0.0,0.0,0.0,0.0,0.0,0.0,0.0,0.0,ohiostate_texas_1_5_2009,2009-01-05,texas,ohio state,24.0,21.0,Win,http://stats.texassports.com/sports/m-footbl/2008-2009/ut13.html,2008
27,Brewster,Nolan,1.0,0.0,1.0,0.0,0.0,0.0,0.0,0.0,0.0,0.0,0.0,0.0,0.0,0.0,0.0,ohiostate_texas_1_5_2009,2009-01-05,texas,ohio state,24.0,21.0,Win,http://stats.texassports.com/sports/m-footbl/2008-2009/ut13.html,2008
3A,Brown,Curtis,1.0,0.0,1.0,0.0,0.0,0.0,0.0,0.0,0.0,0.0,0.0,0.0,0.0,0.0,0.0,ohiostate_texas_1_5_2009,2009-01-05,texas,ohio state,24.0,21.0,Win,http://stats.texassports.com/sports/m-footbl/2008-2009/ut13.html,2008
6,Cosby,Quan,1.0,0.0,1.0,0.0,0.0,0.0,0.0,0.0,0.0,0.0,0.0,0.0,0.0,0.0,0.0,ohiostate_texas_1_5_2009,2009-01-05,texas,ohio state,24.0,21.0,Win,http://stats.texassports.com/sports/m-footbl/2008-2009/ut13.html,2008
8A,Brown,Chykie,1.0,0.0,1.0,0.0,0.0,0.0,0.0,0.0,0.0,0.0,1.0,0.0,0.0,0.0,0.0,ohiostate_texas_1_5_2009,2009-01-05,texas,ohio state,24.0,21.0,Win,http://stats.texassports.com/sports/m-footbl/2008-2009/ut13.html,2008
81,Acho,Sam,0.0,1.0,1.0,0.0,0.0,0.0,0.0,0.0,0.0,0.0,0.0,0.0,0.0,0.0,0.0,ohiostate_texas_1_5_2009,2009-01-05,texas,ohio state,24.0,21.0,Win,http://stats.texassports.com/sports/m-footbl/2008-2009/ut13.html,2008
4A,Williams,Aaron,0.0,0.0,0.0,0.0,0.0,0.0,0.0,0.0,0.0,0.0,0.0,0.0,0.0,0.0,1.0,ohiostate_texas_1_5_2009,2009-01-05,texas,ohio state,24.0,21.0,Win,http://stats.texassports.com/sports/m-footbl/2008-2009/ut13.html,2008
GM,Game,,41.0,14.0,55.0,5.0,31.0,0.0,0.0,0.0,0.0,0.0,4.0,0.0,3.0,26.0,13.0,ohiostate_texas_1_5_2009,2009-01-05,texas,ohio state,24.0,21.0,Win,http://stats.texassports.com/sports/m-footbl/2008-2009/ut13.html,2008
